label,step,time,value
avg log pred advi,1,0.5423359870910645,-166.4179813985843
avg log pred advi,2,0.9281511306762695,-198.2304362860976
avg log pred advi,3,1.361213207244873,-184.55139144331253
avg log pred advi,4,1.8836641311645508,-157.22898959528567
avg log pred advi,5,2.645287275314331,-143.14562558622123
avg log pred advi,6,2.9618899822235107,-134.29346050993377
avg log pred advi,7,3.430814266204834,-133.36867002620443
avg log pred advi,8,3.8024370670318604,-127.33864724269925
avg log pred advi,9,4.703557014465332,-119.41238985815343
avg log pred advi,10,5.294203042984009,-110.48330216912275
avg log pred advi,11,5.900108098983765,-104.87050898112685
avg log pred advi,12,6.552525043487549,-97.78982711846501
avg log pred advi,13,7.136537075042725,-92.2178638759635
avg log pred advi,14,7.7067551612854,-88.56437791338386
avg log pred advi,15,8.377127170562744,-83.56652628667632
avg log pred advi,16,8.8441321849823,-79.30794740306311
avg log pred advi,17,9.213353157043457,-75.45590607446118
avg log pred advi,18,9.518474340438843,-72.21736430208277
avg log pred advi,19,9.834336996078491,-68.9265304916018
avg log pred advi,20,10.127823114395142,-65.91963217670911
avg log pred advi,21,10.430331230163574,-63.24192115202424
avg log pred advi,22,10.767882347106934,-60.76201436787443
avg log pred advi,23,11.062551021575928,-58.42598432725839
avg log pred advi,24,11.373802185058594,-56.332717760171015
avg log pred advi,25,11.67476511001587,-54.33527404306971
avg log pred advi,26,11.96233320236206,-52.438578136743736
avg log pred advi,27,12.256445169448853,-50.79726508173204
avg log pred advi,28,12.547626256942749,-49.18857137737256
avg log pred advi,29,12.869604110717773,-47.7326882515005
avg log pred advi,30,13.188308238983154,-46.40465758891388
avg log pred advi,31,13.477542161941528,-45.2451926339316
avg log pred advi,32,13.76528000831604,-44.09997300192914
avg log pred advi,33,14.169194221496582,-42.91523375009705
avg log pred advi,34,14.530322074890137,-41.80671123195938
avg log pred advi,35,14.8870849609375,-40.7727185128176
avg log pred advi,36,15.248187065124512,-39.77125559230266
avg log pred advi,37,15.599356174468994,-38.850323317782184
avg log pred advi,38,15.96858811378479,-37.95666539321299
avg log pred advi,39,16.283656120300293,-37.09110820615815
avg log pred advi,40,16.631163120269775,-36.27180184027903
avg log pred advi,41,16.944156169891357,-35.51576664232671
avg log pred advi,42,17.27569031715393,-34.790561307212954
avg log pred advi,43,17.600264072418213,-34.09561647854004
avg log pred advi,44,17.890096187591553,-33.434405385656255
avg log pred advi,45,18.189032077789307,-32.85542889677044
avg log pred advi,46,18.480744123458862,-32.257337753135715
avg log pred advi,47,18.793193101882935,-31.68863058022343
avg log pred advi,48,19.10448718070984,-31.134399258896718
avg log pred advi,49,19.40536594390869,-30.590104227373907
avg log pred advi,50,19.722211122512817,-30.090865635171156
avg log pred advi,51,20.047093152999878,-29.599549428228837
avg log pred advi,52,20.372493028640747,-29.109375586797743
avg log pred advi,53,20.738426208496094,-28.643621362436424
avg log pred advi,54,21.05464005470276,-28.19554136078786
avg log pred advi,55,21.369400024414062,-27.753610264744257
avg log pred advi,56,21.699526071548462,-27.356129178737582
avg log pred advi,57,22.077372074127197,-26.959582695898764
avg log pred advi,58,22.383477210998535,-26.574388839673354
avg log pred advi,59,22.682663202285767,-26.210722848419827
avg log pred advi,60,22.98141098022461,-25.84273932919681
avg log pred advi,61,23.282546281814575,-25.495166475377935
avg log pred advi,62,23.581345081329346,-25.156696336216395
avg log pred advi,63,23.908874988555908,-24.826201315026612
avg log pred advi,64,24.221131086349487,-24.503461168311066
avg log pred advi,65,24.564502954483032,-24.186731437882653
avg log pred advi,66,24.854462146759033,-23.88381889125092
avg log pred advi,67,25.167579174041748,-23.592285437201646
avg log pred advi,68,25.49976420402527,-23.310359481755608
avg log pred advi,69,25.829824924468994,-23.032057645846812
avg log pred advi,70,26.16316509246826,-22.76117868471358
avg log pred advi,71,26.45846390724182,-22.49737434440769
avg log pred advi,72,26.772868156433105,-22.239764203833257
avg log pred advi,73,27.083561182022095,-21.983860381469775
avg log pred advi,74,27.374457120895386,-21.742086475159102
avg log pred advi,75,27.706913948059082,-21.502632530472887
avg log pred advi,76,28.013097286224365,-21.271838849933854
avg log pred advi,77,28.31987714767456,-21.049752920401275
avg log pred advi,78,28.650923013687134,-20.830373781149586
avg log pred advi,79,28.959538221359253,-20.615613411426718
avg log pred advi,80,29.258112907409668,-20.408913987051296
avg log pred advi,81,29.5505850315094,-20.207300344126878
avg log pred advi,82,29.863953113555908,-20.008811070463473
avg log pred advi,83,30.205163955688477,-19.813065570453354
avg log pred advi,84,30.543410062789917,-19.623556579678986
avg log pred advi,85,30.88837218284607,-19.43617967405284
avg log pred advi,86,31.24847912788391,-19.254546597979388
avg log pred advi,87,31.553476095199585,-19.07756903792282
avg log pred advi,88,31.849054098129272,-18.900240828758147
avg log pred advi,89,32.139400243759155,-18.729996863458215
avg log pred advi,90,32.43757510185242,-18.563607786739084
avg log pred advi,91,32.82725811004639,-18.399093881648362
avg log pred advi,92,33.122967004776,-18.240032241081433
avg log pred advi,93,33.40817403793335,-18.087606730882502
avg log pred advi,94,33.70165705680847,-17.93380266094385
avg log pred advi,95,33.992167234420776,-17.782311208534647
avg log pred advi,96,34.28665900230408,-17.633680236330484
avg log pred advi,97,34.58686923980713,-17.489777443397674
avg log pred advi,98,34.89946699142456,-17.34873527963459
avg log pred advi,99,35.2215530872345,-17.210989985683327
avg log pred advi,100,35.527467012405396,-17.074849518886904
avg log pred advi,110,38.55450916290283,-15.848534033683617
avg log pred advi,120,41.48144006729126,-14.816631257569057
avg log pred advi,130,44.41007399559021,-13.932075500405134
avg log pred advi,140,47.34093403816223,-13.167207163022239
avg log pred advi,150,50.2983181476593,-12.501595485503035
avg log pred advi,160,53.24915027618408,-11.914715085625913
avg log pred advi,170,56.50169110298157,-11.39358250414187
avg log pred advi,180,59.822918176651,-10.928915640898317
avg log pred advi,190,62.77198004722595,-10.510887751422546
avg log pred advi,200,65.73391318321228,-10.13331655784607
avg log pred advi,210,68.91650724411011,-9.790658555565296
avg log pred advi,220,72.317547082901,-9.477548839861472
avg log pred advi,230,75.55656003952026,-9.191038400829656
avg log pred advi,240,78.43967318534851,-8.927089623851574
avg log pred advi,250,81.31211996078491,-8.683562366015279
avg log pred advi,260,84.21897530555725,-8.457709722604456
avg log pred advi,270,87.1390872001648,-8.249077346847564
avg log pred advi,280,90.049880027771,-8.055294518512365
avg log pred advi,290,93.01739001274109,-7.873083366560938
avg log pred advi,300,95.92122101783752,-7.702722779713591
avg log pred advi,310,98.810702085495,-7.542825019247262
avg log pred advi,320,101.7173330783844,-7.393089254481685
avg log pred advi,330,104.73365020751953,-7.251365561511843
avg log pred advi,340,107.61748123168945,-7.117338601491609
avg log pred advi,350,110.5028760433197,-6.991186388386433
avg log pred advi,360,113.4442491531372,-6.872849130870894
avg log pred advi,370,116.3867301940918,-6.758807863648583
avg log pred advi,380,119.30576705932617,-6.651610624008559
avg log pred advi,390,122.24142622947693,-6.549953621967608
avg log pred advi,400,125.14031720161438,-6.45185608748959
avg log pred advi,410,128.47540020942688,-6.359507050268161
avg log pred advi,420,131.62397623062134,-6.271837283649088
avg log pred advi,430,134.7076060771942,-6.1880845733802206
avg log pred advi,440,137.62256932258606,-6.107657209614297
avg log pred advi,450,140.67983508110046,-6.030594631185139
avg log pred advi,460,143.59045910835266,-5.956305009695519
avg log pred advi,470,146.5249719619751,-5.885047727625639
avg log pred advi,480,149.52693128585815,-5.817361525343068
avg log pred advi,490,152.42995810508728,-5.7511256975205205
avg log pred advi,500,155.67933011054993,-5.687819927247826
avg log pred advi,510,158.93904304504395,-5.626576089688192
avg log pred advi,520,162.0940442085266,-5.567944061002303
avg log pred advi,530,165.2776312828064,-5.510805799688265
avg log pred advi,540,168.8375051021576,-5.456215826416879
avg log pred advi,550,171.91834807395935,-5.4034434399788625
avg log pred advi,560,174.88645696640015,-5.352242859040822
avg log pred advi,570,178.1920130252838,-5.303264275102162
avg log pred advi,580,181.467529296875,-5.254696421266663
avg log pred advi,590,184.70521712303162,-5.207955551395923
avg log pred advi,600,187.96476221084595,-5.163023976538187
avg log pred advi,610,191.3508050441742,-5.1198529705378
avg log pred advi,620,194.35413813591003,-5.076681753761614
avg log pred advi,630,197.91924023628235,-5.035553261262796
avg log pred advi,640,202.16421914100647,-4.9954197982982125
avg log pred advi,650,206.0009331703186,-4.957037336624019
avg log pred advi,660,209.61368227005005,-4.919173645578529
avg log pred advi,670,213.03330826759338,-4.881950081243602
avg log pred advi,680,216.4067690372467,-4.846366063505079
avg log pred advi,690,219.8296182155609,-4.811367893777646
avg log pred advi,700,223.15174508094788,-4.777587600409982
avg log pred advi,710,226.69865226745605,-4.744582473160927
avg log pred advi,720,230.00273418426514,-4.712469509528053
avg log pred advi,730,233.35114216804504,-4.6804473693003334
avg log pred advi,740,236.95983004570007,-4.6495436828280665
avg log pred advi,750,240.2518491744995,-4.6196912992594115
avg log pred advi,760,243.47799229621887,-4.590132733871549
avg log pred advi,770,246.66208815574646,-4.561794012716345
avg log pred advi,780,249.79471826553345,-4.533301878651041
avg log pred advi,790,252.86817407608032,-4.505517068127535
avg log pred advi,800,256.02164816856384,-4.47862869119764
avg log pred advi,810,258.9785599708557,-4.452149675958586
avg log pred advi,820,262.10112619400024,-4.426399302525244
avg log pred advi,830,265.25305914878845,-4.401226988972334
avg log pred advi,840,268.4489562511444,-4.376184533053287
avg log pred advi,850,271.57556223869324,-4.351933816789549
avg log pred advi,860,274.5287661552429,-4.3282883211130745
avg log pred advi,870,277.7227420806885,-4.304602268902147
avg log pred advi,880,280.9549300670624,-4.2814543384164105
avg log pred advi,890,284.06346011161804,-4.258521142418088
avg log pred advi,900,287.2062602043152,-4.236390049983972
avg log pred advi,910,290.24399995803833,-4.214151220251053
avg log pred advi,920,293.21670508384705,-4.192457110832377
avg log pred advi,930,296.2971570491791,-4.171390530924661
avg log pred advi,940,299.5422692298889,-4.150343052568252
avg log pred advi,950,302.4744391441345,-4.129628647871223
avg log pred advi,960,305.3753180503845,-4.109523334147213
avg log pred advi,970,308.28264117240906,-4.089980585594728
avg log pred advi,980,311.17965507507324,-4.070464456996883
avg log pred advi,990,314.05569410324097,-4.051356709482714
avg log pred advi,1000,316.9930012226105,-4.03237302175083
avg log pred advi,1010,320.402948141098,-4.013758384225907
avg log pred advi,1020,323.5937361717224,-3.9953028607497356
avg log pred advi,1030,326.6257221698761,-3.9773918853124113
avg log pred advi,1040,329.65924310684204,-3.959438410130894
avg log pred advi,1050,332.6812541484833,-3.94198224681755
avg log pred advi,1060,335.6906249523163,-3.924501130543214
avg log pred advi,1070,338.72311329841614,-3.907417254868654
avg log pred advi,1080,341.852511882782,-3.890479998491969
avg log pred advi,1090,345.09600710868835,-3.8739011440101065
avg log pred advi,1100,348.07731914520264,-3.8573222368984914
avg log pred advi,1110,351.20208621025085,-3.8409300488363876
avg log pred advi,1120,354.31171202659607,-3.8248420436997805
avg log pred advi,1130,357.2400951385498,-3.809050016056379
avg log pred advi,1140,360.1455090045929,-3.7933052196155845
avg log pred advi,1150,363.06972002983093,-3.7778559989986262
avg log pred advi,1160,365.9842381477356,-3.7627550285614464
avg log pred advi,1170,368.9050931930542,-3.7477779420924846
avg log pred advi,1180,371.7973701953888,-3.732834965451145
avg log pred advi,1190,374.76874804496765,-3.71813492387175
avg log pred advi,1200,377.7040960788727,-3.7037461099650058
avg log pred advi,1210,380.59611320495605,-3.6891918861912236
avg log pred advi,1220,383.5073881149292,-3.675110399439286
avg log pred advi,1230,386.4085991382599,-3.660870297489555
avg log pred advi,1240,389.3477900028229,-3.6468580875548646
avg log pred advi,1250,392.2680230140686,-3.6332354417152146
avg log pred advi,1260,395.17455101013184,-3.619760348290404
avg log pred advi,1270,398.0935821533203,-3.606203675832311
avg log pred advi,1280,401.5363230705261,-3.592966633257051
avg log pred advi,1290,404.60396003723145,-3.579742208980252
avg log pred advi,1300,407.6845440864563,-3.5667976575680185
avg log pred advi,1310,410.8380410671234,-3.5539539142533227
avg log pred advi,1320,413.79629731178284,-3.541142222631201
avg log pred advi,1330,416.7236421108246,-3.528515526535481
avg log pred advi,1340,419.7048101425171,-3.5161168436279717
avg log pred advi,1350,422.7739942073822,-3.5038551008540058
avg log pred advi,1360,425.84487104415894,-3.4915915368002652
avg log pred advi,1370,428.93884897232056,-3.479491851231207
avg log pred advi,1380,432.0978190898895,-3.4675160762489288
avg log pred advi,1390,435.0994710922241,-3.455523447962553
avg log pred advi,1400,438.3557081222534,-3.443652596373549
avg log pred advi,1410,441.61039304733276,-3.4317825144347154
avg log pred advi,1420,444.9143750667572,-3.420034731339571
avg log pred advi,1430,448.05201721191406,-3.4085427496899356
avg log pred advi,1440,451.37368607521057,-3.397022828475152
avg log pred advi,1450,454.6606352329254,-3.3856072434416085
avg log pred advi,1460,457.61193799972534,-3.374416184492914
avg log pred advi,1470,460.5434191226959,-3.363213867980551
avg log pred advi,1480,463.7739100456238,-3.3520254155598215
avg log pred advi,1490,467.119530916214,-3.3409386156643603
avg log pred advi,1500,471.84084010124207,-3.3299304171006168
avg log pred advi,1510,475.0436930656433,-3.3188809238172707
avg log pred advi,1520,478.6997780799866,-3.3079814552302893
avg log pred advi,1530,482.0630760192871,-3.297351227792004
avg log pred advi,1540,485.4418532848358,-3.28672351391058
avg log pred advi,1550,488.72090911865234,-3.276062233044054
avg log pred advi,1560,491.8478801250458,-3.265565939356661
avg log pred advi,1570,495.01406812667847,-3.2551917047574093
avg log pred advi,1580,498.0419821739197,-3.244875666157475
avg log pred advi,1590,501.2038300037384,-3.2345255925307352
avg log pred advi,1600,504.4227890968323,-3.22425015402278
avg log pred advi,1610,507.40882396698,-3.2140268289685263
avg log pred advi,1620,510.363322019577,-3.2041059171542643
avg log pred advi,1630,513.2984139919281,-3.1941805646971533
avg log pred advi,1640,516.2089531421661,-3.1841412652378795
avg log pred advi,1650,519.1309931278229,-3.1742127514643137
avg log pred advi,1660,522.0473880767822,-3.1644718847054496
avg log pred advi,1670,524.9645440578461,-3.15476197686231
avg log pred advi,1680,527.8589091300964,-3.1449034361417754
avg log pred advi,1690,530.8189210891724,-3.135223966610547
avg log pred advi,1700,533.7371308803558,-3.125545364113481
avg log pred advi,1710,536.6575059890747,-3.115887974287215
avg log pred advi,1720,539.5951011180878,-3.1063697396455265
avg log pred advi,1730,542.5009031295776,-3.096872143341177
avg log pred advi,1740,545.443351984024,-3.087370699626642
avg log pred advi,1750,548.4234499931335,-3.0780656344997865
avg log pred advi,1760,551.4005620479584,-3.06870396939169
avg log pred advi,1770,554.3620142936707,-3.0596521755325874
avg log pred advi,1780,557.4147980213165,-3.0505558471575838
avg log pred advi,1790,560.345950126648,-3.0414377376964117
avg log pred advi,1800,563.2668311595917,-3.032474437642728
avg log pred advi,1810,566.1770071983337,-3.023423056488587
avg log pred advi,1820,569.0951311588287,-3.014426244528509
avg log pred advi,1830,572.0743961334229,-3.005653589169088
avg log pred advi,1840,574.954528093338,-2.996722708513954
avg log pred advi,1850,577.8471112251282,-2.987863588482746
avg log pred advi,1860,580.7862823009491,-2.9790794696890086
avg log pred advi,1870,583.6866919994354,-2.9702871616316804
avg log pred advi,1880,586.6073870658875,-2.961728272888091
avg log pred advi,1890,589.5389111042023,-2.9529682648632187
avg log pred advi,1900,592.4688320159912,-2.9443579354400042
avg log pred advi,1910,595.4236431121826,-2.935755700040149
avg log pred advi,1920,598.3173222541809,-2.9272578567061207
avg log pred advi,1930,601.2964582443237,-2.9187355300529183
avg log pred advi,1940,604.2351462841034,-2.9102916863179527
avg log pred advi,1950,607.1163811683655,-2.9019165875987047
avg log pred advi,1960,610.0694510936737,-2.8935044133677743
avg log pred advi,1970,612.996768951416,-2.885186990593062
avg log pred advi,1980,616.035737991333,-2.8769671475750163
avg log pred advi,1990,618.9624261856079,-2.868648976033514
avg log pred advi,2000,621.9242680072784,-2.86047197822328
avg log pred advi,2010,624.843099117279,-2.8524084585415532
avg log pred advi,2020,627.7499089241028,-2.844157517504608
avg log pred advi,2030,630.6849460601807,-2.8360090560612066
avg log pred advi,2040,633.5728969573975,-2.8279481792942383
avg log pred advi,2050,636.4973862171173,-2.8198769752142847
avg log pred advi,2060,639.3999631404877,-2.811975677953138
avg log pred advi,2070,642.3290021419525,-2.8041300802003337
avg log pred advi,2080,645.2149090766907,-2.796152256788598
avg log pred advi,2090,648.1156361103058,-2.788265844428266
avg log pred advi,2100,651.0295231342316,-2.7804443465129496
avg log pred advi,2110,653.9424781799316,-2.7726822537016496
avg log pred advi,2120,656.8358671665192,-2.7649720156968742
avg log pred advi,2130,659.7721390724182,-2.7571352841120107
avg log pred advi,2140,662.697347164154,-2.7495118778351966
avg log pred advi,2150,665.5875160694122,-2.7418576075259478
avg log pred advi,2160,668.4788861274719,-2.7343055055242607
avg log pred advi,2170,671.3776471614838,-2.7268406139375396
avg log pred advi,2180,674.2862150669098,-2.7194643505728635
avg log pred advi,2190,677.2043151855469,-2.7119269101448027
avg log pred advi,2200,680.117593050003,-2.704405584776978
avg log pred advi,2210,683.0298049449921,-2.6968856072703518
avg log pred advi,2220,685.9977650642395,-2.6894611298443043
avg log pred advi,2230,688.9198682308197,-2.682007382814245
avg log pred advi,2240,691.8682532310486,-2.6747129694547356
avg log pred advi,2250,694.8071572780609,-2.667527317252272
avg log pred advi,2260,697.7030780315399,-2.6601960395680715
avg log pred advi,2270,700.6187751293182,-2.6530675298914113
avg log pred advi,2280,703.5367710590363,-2.645814683314148
avg log pred advi,2290,706.4510281085968,-2.6386230817956107
avg log pred advi,2300,709.3418841362,-2.631358300689276
avg log pred advi,2310,712.250293970108,-2.624141989664338
avg log pred advi,2320,715.1774110794067,-2.617120773462109
avg log pred advi,2330,718.0803680419922,-2.6099176729650235
avg log pred advi,2340,721.0409021377563,-2.602730584306369
avg log pred advi,2350,723.9769420623779,-2.595711146455984
avg log pred advi,2360,726.888031244278,-2.588669010659164
avg log pred advi,2370,729.8097920417786,-2.581633110901219
avg log pred advi,2380,732.6715152263641,-2.574653460931346
avg log pred advi,2390,735.6193861961365,-2.5677297738282188
avg log pred advi,2400,738.5229711532593,-2.560707396793087
avg log pred advi,2410,741.4186091423035,-2.553873265061847
avg log pred advi,2420,744.3683071136475,-2.547134898546192
avg log pred advi,2430,747.2483749389648,-2.540321974708853
avg log pred advi,2440,750.1696009635925,-2.53365601421812
avg log pred advi,2450,753.3071222305298,-2.526915548720373
avg log pred advi,2460,756.3218941688538,-2.5202407931924338
avg log pred advi,2470,759.224916934967,-2.5134424219863742
avg log pred advi,2480,762.1177079677582,-2.506807130959544
avg log pred advi,2490,765.0326371192932,-2.500165514603834
avg log pred advi,2500,768.0890522003174,-2.4935587066017244
avg log pred advi,2510,771.0845322608948,-2.4869304772281646
avg log pred advi,2520,774.014570236206,-2.480402866055445
avg log pred advi,2530,776.9001772403717,-2.473840486220482
avg log pred advi,2540,779.8376340866089,-2.4671372800436413
avg log pred advi,2550,782.7466411590576,-2.460739935613167
avg log pred advi,2560,785.7075622081757,-2.454280393803405
avg log pred advi,2570,788.5959470272064,-2.4479529288742805
avg log pred advi,2580,791.4801242351532,-2.4415618532255885
avg log pred advi,2590,794.3929650783539,-2.435223852723626
avg log pred advi,2600,797.3088102340698,-2.428800877968679
avg log pred advi,2610,800.2346942424774,-2.422489435833068
avg log pred advi,2620,803.1181440353394,-2.4161676360322057
avg log pred advi,2630,806.085541009903,-2.409960193035054
avg log pred advi,2640,809.2552182674408,-2.403633409132081
avg log pred advi,2650,812.4975581169128,-2.397339647366983
avg log pred advi,2660,815.7746510505676,-2.391031814416278
avg log pred advi,2670,819.3705871105194,-2.384896714362607
avg log pred advi,2680,822.9748060703278,-2.3786897345519002
avg log pred advi,2690,826.7654592990875,-2.372658026170882
avg log pred advi,2700,830.2933270931244,-2.366625383152421
avg log pred advi,2710,833.8125290870667,-2.360637947044987
avg log pred advi,2720,837.3806350231171,-2.3545940290437852
avg log pred advi,2730,840.8926110267639,-2.348657663105392
avg log pred advi,2740,844.5681891441345,-2.3427005501733347
avg log pred advi,2750,848.3807570934296,-2.336739572199132
avg log pred advi,2760,851.9560351371765,-2.3308520320901844
avg log pred advi,2770,855.6993670463562,-2.3248727567773493
avg log pred advi,2780,859.6318011283875,-2.318910233171883
avg log pred advi,2790,864.4010710716248,-2.3129068875221397
avg log pred advi,2800,868.1035680770874,-2.307006407357084
avg log pred advi,2810,871.6096081733704,-2.301147429851128
avg log pred advi,2820,875.0197548866272,-2.2953153868088587
avg log pred advi,2830,879.0229380130768,-2.2894159815759525
avg log pred advi,2840,883.5161809921265,-2.2836121430309118
avg log pred advi,2850,887.5835921764374,-2.2778611375284323
avg log pred advi,2860,892.0057141780853,-2.272161921290664
avg log pred advi,2870,895.5841190814972,-2.266377415214992
avg log pred advi,2880,899.0876829624176,-2.2606556867094345
avg log pred advi,2890,902.5715351104736,-2.2549936373277903
avg log pred advi,2900,905.913672208786,-2.2493488647758606
avg log pred advi,2910,909.2763690948486,-2.2437842971426347
avg log pred advi,2920,912.8259229660034,-2.238198280414895
avg log pred advi,2930,916.6133780479431,-2.2327133010776166
avg log pred advi,2940,920.0881760120392,-2.2272172793462595
avg log pred advi,2950,923.6560742855072,-2.221605913467107
avg log pred advi,2960,927.0680820941925,-2.2160111679540635
avg log pred advi,2970,930.4019832611084,-2.2105184566269864
avg log pred advi,2980,933.318274974823,-2.2050232986471556
avg log pred advi,2990,936.4555439949036,-2.19958742934283
avg log pred advi,3000,939.6037831306458,-2.194112509798455
avg log pred advi,3010,942.6554181575775,-2.1887401699468074
avg log pred advi,3020,945.5769519805908,-2.1833316745098683
avg log pred advi,3030,948.5182912349701,-2.177843928588516
avg log pred advi,3040,951.4316670894623,-2.1724854440646175
avg log pred advi,3050,954.4488832950592,-2.167191019042444
avg log pred advi,3060,957.3725390434265,-2.161891769330145
avg log pred advi,3070,960.456591129303,-2.1565642419575077
avg log pred advi,3080,963.5215783119202,-2.1514391688457084
avg log pred advi,3090,966.4451661109924,-2.1463049552975626
avg log pred advi,3100,969.4838860034943,-2.1411211679250677
avg log pred advi,3110,973.6992330551147,-2.13593681565162
avg log pred advi,3120,978.8152701854706,-2.1306879672735275
avg log pred advi,3130,984.4484441280365,-2.125444582351746
avg log pred advi,3140,988.3426711559296,-2.120249142874175
avg log pred advi,3150,991.8775231838226,-2.1150119193109327
avg log pred advi,3160,996.1077461242676,-2.109769067578016
avg log pred advi,3170,999.7331461906433,-2.104492929227114
avg log pred advi,3180,1002.6778030395508,-2.0992766119937434
avg log pred advi,3190,1005.6134080886841,-2.094015990211933
avg log pred advi,3200,1008.5403833389282,-2.0888145879008806
avg log pred advi,3210,1011.6005969047546,-2.083584734151995
avg log pred advi,3220,1014.685525894165,-2.0784574585006914
avg log pred advi,3230,1017.763857126236,-2.073326131908182
avg log pred advi,3240,1021.0411031246185,-2.0682565705757052
avg log pred advi,3250,1024.9249529838562,-2.0632187820003822
avg log pred advi,3260,1028.6559731960297,-2.058194521413952
avg log pred advi,3270,1033.1143651008606,-2.0532606797046546
avg log pred advi,3280,1036.7080030441284,-2.0483681754600114
avg log pred advi,3290,1039.9219801425934,-2.0434044371003517
avg log pred advi,3300,1042.9980692863464,-2.0385885764869833
avg log pred advi,3310,1046.4224660396576,-2.033716316802173
avg log pred advi,3320,1050.320631980896,-2.0289781709552956
avg log pred advi,3330,1054.234812259674,-2.0241997484497554
avg log pred advi,3340,1058.147320985794,-2.0193422974792496
avg log pred advi,3350,1061.8624470233917,-2.0145876462396837
avg log pred advi,3360,1065.7272851467133,-2.009891273023753
avg log pred advi,3370,1069.8701910972595,-2.005105198851443
avg log pred advi,3380,1074.034128189087,-2.0003903079236802
avg log pred advi,3390,1078.8857111930847,-1.9956136843636822
avg log pred advi,3400,1083.1044700145721,-1.9908101446797088
avg log pred advi,3410,1086.8731710910797,-1.9861388661617756
avg log pred advi,3420,1090.8661260604858,-1.981472891647046
avg log pred advi,3430,1094.7666971683502,-1.9768036827684674
avg log pred advi,3440,1098.6572251319885,-1.972081338691001
avg log pred advi,3450,1101.931312084198,-1.9674225313978342
avg log pred advi,3460,1105.541496038437,-1.9627884301213399
avg log pred advi,3470,1108.956696987152,-1.958161385190259
avg log pred advi,3480,1112.4975893497467,-1.95356859265749
avg log pred advi,3490,1116.0860562324524,-1.94895228458188
avg log pred advi,3500,1119.4045140743256,-1.9444157551983658
avg log pred advi,3510,1122.7203249931335,-1.939900869355211
avg log pred advi,3520,1126.03573012352,-1.9353560003433046
avg log pred advi,3530,1129.7164211273193,-1.9307277468293789
avg log pred advi,3540,1133.1868290901184,-1.9261952569959933
avg log pred advi,3550,1136.329745054245,-1.921590480360461
avg log pred advi,3560,1139.4046680927277,-1.9170668434422748
avg log pred advi,3570,1142.5059871673584,-1.912454018939723
avg log pred advi,3580,1145.6816561222076,-1.9078716113342629
avg log pred advi,3590,1148.5984539985657,-1.9033431885961822
avg log pred advi,3600,1151.5089960098267,-1.8988192056294948
avg log pred advi,3610,1154.6842551231384,-1.89430792787264
avg log pred advi,3620,1157.9156050682068,-1.889897810209116
avg log pred advi,3630,1161.0614120960236,-1.885553596093422
avg log pred advi,3640,1164.2977142333984,-1.881175395295425
avg log pred advi,3650,1167.5899541378021,-1.8768543599915646
avg log pred advi,3660,1171.3463561534882,-1.8725207000880641
avg log pred advi,3670,1175.0127410888672,-1.8681645048587467
avg log pred advi,3680,1178.87171292305,-1.8638212095123914
avg log pred advi,3690,1182.025288105011,-1.8595257953988527
avg log pred advi,3700,1185.222665309906,-1.8552878815902523
avg log pred advi,3710,1188.389014005661,-1.851011828363677
avg log pred advi,3720,1191.6034622192383,-1.846789796756084
avg log pred advi,3730,1194.8807039260864,-1.84256884353388
avg log pred advi,3740,1198.2742130756378,-1.8383827404616357
avg log pred advi,3750,1201.9324111938477,-1.8341770250645675
avg log pred advi,3760,1205.5384590625763,-1.8299332335981795
avg log pred advi,3770,1208.869166135788,-1.825717131404103
avg log pred advi,3780,1212.0845820903778,-1.8214669214107218
avg log pred advi,3790,1215.234479188919,-1.8171856620905673
avg log pred advi,3800,1218.21147108078,-1.8129554240550017
avg log pred advi,3810,1221.1397800445557,-1.8087159404646973
avg log pred advi,3820,1224.103106021881,-1.8044712106755825
avg log pred advi,3830,1227.0391962528229,-1.8002418143879262
avg log pred advi,3840,1229.9405400753021,-1.7961523107136965
avg log pred advi,3850,1232.8920311927795,-1.791994435251139
avg log pred advi,3860,1235.754028081894,-1.7878376767353332
avg log pred advi,3870,1238.7308020591736,-1.7836805107257376
avg log pred advi,3880,1241.613480091095,-1.7795374987269865
avg log pred advi,3890,1244.5160810947418,-1.7753942520256443
avg log pred advi,3900,1247.4312109947205,-1.7712891662526316
avg log pred advi,3910,1250.3368282318115,-1.76730002554546
avg log pred advi,3920,1253.6191761493683,-1.7631836186133656
avg log pred advi,3930,1256.5230519771576,-1.7590950842634587
avg log pred advi,3940,1259.4238131046295,-1.7550637329436396
avg log pred advi,3950,1262.293211221695,-1.7510148373173646
avg log pred advi,3960,1265.2151463031769,-1.7469284456008733
avg log pred advi,3970,1268.8382050991058,-1.7428649173768744
avg log pred advi,3980,1273.6573731899261,-1.738744603224422
avg log pred advi,3990,1277.2500929832458,-1.734762038456837
avg log pred advi,4000,1281.2915360927582,-1.7308208896467177
avg log pred advi,4010,1284.818233013153,-1.726812042274001
avg log pred advi,4020,1288.0312271118164,-1.7228678825040014
avg log pred advi,4030,1291.4166791439056,-1.7188239859223833
avg log pred advi,4040,1294.918535232544,-1.7148310200408488
avg log pred advi,4050,1298.4760313034058,-1.7108489977872516
avg log pred advi,4060,1302.169349193573,-1.706921818734484
avg log pred advi,4070,1306.6944901943207,-1.7029436116414969
avg log pred advi,4080,1310.1433792114258,-1.6991166605189243
avg log pred advi,4090,1313.4973752498627,-1.6953031483083782
avg log pred advi,4100,1317.0858001708984,-1.6914837423181481
avg log pred advi,4110,1320.7058770656586,-1.6876419964073068
avg log pred advi,4120,1323.6905031204224,-1.683896416640213
avg log pred advi,4130,1326.6304020881653,-1.6802175491298799
avg log pred advi,4140,1329.580872297287,-1.6764987142999352
avg log pred advi,4150,1332.9943931102753,-1.6727118917632877
avg log pred advi,4160,1336.1504261493683,-1.6689855604429984
avg log pred advi,4170,1339.4497382640839,-1.665222410117887
avg log pred advi,4180,1342.8171980381012,-1.6614670541064203
avg log pred advi,4190,1346.024530172348,-1.6578129329737643
avg log pred advi,4200,1349.309494972229,-1.6540993449914756
avg log pred advi,4210,1352.4698841571808,-1.6503900646306835
avg log pred advi,4220,1355.9296412467957,-1.646662780012258
avg log pred advi,4230,1359.735451221466,-1.6429744093328331
avg log pred advi,4240,1362.9777081012726,-1.6393473955874887
avg log pred advi,4250,1366.2968020439148,-1.6356559465385518
avg log pred advi,4260,1369.691154241562,-1.6319399585516312
avg log pred advi,4270,1372.877475976944,-1.6282006625194942
avg log pred advi,4280,1376.0537581443787,-1.624488209384271
avg log pred advi,4290,1379.2386391162872,-1.6207374643436658
avg log pred advi,4300,1382.38672208786,-1.6170171636957942
avg log pred advi,4310,1385.6659812927246,-1.6132076282827736
avg log pred advi,4320,1389.1414861679077,-1.6094605917878901
avg log pred advi,4330,1392.3494300842285,-1.6056866032811956
avg log pred advi,4340,1395.3902719020844,-1.602003421430071
avg log pred advi,4350,1398.5804619789124,-1.5983102496947008
avg log pred advi,4360,1401.739722251892,-1.5945738973816626
avg log pred advi,4370,1405.0342681407928,-1.5909068743218087
avg log pred advi,4380,1408.1922280788422,-1.5873956618019218
avg log pred advi,4390,1411.306144952774,-1.5838033802353833
avg log pred advi,4400,1414.4256801605225,-1.5802137753745122
avg log pred advi,4410,1417.818284034729,-1.5766247656695507
avg log pred advi,4420,1420.987151145935,-1.5730690862222456
avg log pred advi,4430,1424.1279010772705,-1.569502705299341
avg log pred advi,4440,1427.4826889038086,-1.5658959024305195
avg log pred advi,4450,1430.4316892623901,-1.562320795257054
avg log pred advi,4460,1433.406229019165,-1.5588265142300606
avg log pred advi,4470,1437.0070261955261,-1.5552719865732607
avg log pred advi,4480,1440.4211621284485,-1.551806361934094
avg log pred advi,4490,1443.6639831066132,-1.5483862993730517
avg log pred advi,4500,1448.162747144699,-1.544932168494643
avg log pred advi,4510,1451.679791212082,-1.5414625267344058
avg log pred advi,4520,1456.239163160324,-1.5379466940022288
avg log pred advi,4530,1459.843491077423,-1.5344832981218073
avg log pred advi,4540,1463.4303810596466,-1.530990094934493
avg log pred advi,4550,1467.1417291164398,-1.527552067441033
avg log pred advi,4560,1470.8305871486664,-1.5240288782510245
avg log pred advi,4570,1474.349629163742,-1.5205243746767125
avg log pred advi,4580,1478.19114112854,-1.5170864120807377
avg log pred advi,4590,1481.3951671123505,-1.5136452167324104
avg log pred advi,4600,1484.7901711463928,-1.510201750021337
avg log pred advi,4610,1488.4325811862946,-1.5067956140479493
avg log pred advi,4620,1491.6636452674866,-1.5033650528035
avg log pred advi,4630,1494.8433990478516,-1.4999591806131136
avg log pred advi,4640,1497.9592502117157,-1.4966174283420905
avg log pred advi,4650,1500.9520361423492,-1.4933697388984009
avg log pred advi,4660,1503.8874289989471,-1.4901309441300357
avg log pred advi,4670,1506.7907419204712,-1.4868008169133546
avg log pred advi,4680,1509.716194152832,-1.4834440732261043
avg log pred advi,4690,1512.6389741897583,-1.4801058088942287
avg log pred advi,4700,1515.5739681720734,-1.476710399965502
avg log pred advi,4710,1518.50652217865,-1.4733070750853972
avg log pred advi,4720,1521.6936140060425,-1.4699093847147682
avg log pred advi,4730,1524.8758420944214,-1.4665024410226781
avg log pred advi,4740,1528.0496850013733,-1.4630928126105163
avg log pred advi,4750,1531.2475612163544,-1.459716391646166
avg log pred advi,4760,1534.206659078598,-1.4563532321120858
avg log pred advi,4770,1537.2177152633667,-1.4531103220332489
avg log pred advi,4780,1540.5582129955292,-1.4499296732658646
avg log pred advi,4790,1544.838769197464,-1.4467476435105768
avg log pred advi,4800,1548.6839332580566,-1.4435404343280118
avg log pred advi,4810,1552.4304461479187,-1.4403256376203624
avg log pred advi,4820,1556.0687983036041,-1.4371344064016685
avg log pred advi,4830,1559.268508195877,-1.433925773049036
avg log pred advi,4840,1562.3842251300812,-1.4307770538534719
avg log pred advi,4850,1565.4718611240387,-1.4275823458419352
avg log pred advi,4860,1568.7020089626312,-1.4243487338486849
avg log pred advi,4870,1571.8878519535065,-1.421167597357508
avg log pred advi,4880,1575.0617320537567,-1.4180051432911946
avg log pred advi,4890,1578.1412179470062,-1.414855786803463
avg log pred advi,4900,1582.477548122406,-1.411736416474602
avg log pred advi,4910,1586.93173122406,-1.4085858881822413
avg log pred advi,4920,1591.0754301548004,-1.4054206113742824
avg log pred advi,4930,1594.8065702915192,-1.4022829480254508
avg log pred advi,4940,1597.981085062027,-1.399135510853934
avg log pred advi,4950,1601.845073223114,-1.3960230708409835
avg log pred advi,4960,1605.0502293109894,-1.3928944393952
avg log pred advi,4970,1608.1929802894592,-1.3898115571754763
avg log pred advi,4980,1611.6851680278778,-1.3866984122167219
avg log pred advi,4990,1615.298252105713,-1.383629194067407
avg log pred advi,5000,1618.3487422466278,-1.3805938717720585
avg log pred advi,5010,1621.2668011188507,-1.3774992448700445
avg log pred advi,5020,1624.1780281066895,-1.3743858130141757
avg log pred advi,5030,1627.0991311073303,-1.3712974289110358
avg log pred advi,5040,1629.9885799884796,-1.3682214157760118
avg log pred advi,5050,1632.9992871284485,-1.3650669716938506
avg log pred advi,5060,1635.892993927002,-1.3618361624055733
avg log pred advi,5070,1638.8171691894531,-1.3586713043733556
avg log pred advi,5080,1641.7583589553833,-1.3556177292209177
avg log pred advi,5090,1644.6358189582825,-1.352642948187124
avg log pred advi,5100,1647.547394990921,-1.3496238375813387
avg log pred advi,5110,1650.4720981121063,-1.3466167978487154
avg log pred advi,5120,1653.378398180008,-1.3435284965983973
avg log pred advi,5130,1656.3006401062012,-1.3404280415557166
avg log pred advi,5140,1659.2439222335815,-1.337363685806181
avg log pred advi,5150,1662.176010131836,-1.3342891779303154
avg log pred advi,5160,1665.0811800956726,-1.3312847562258423
avg log pred advi,5170,1668.2513489723206,-1.3282540798243732
avg log pred advi,5180,1671.4330070018768,-1.3251790760609639
avg log pred advi,5190,1675.004916191101,-1.3222952958309697
avg log pred advi,5200,1678.4520881175995,-1.3194365167110165
avg log pred advi,5210,1681.6609179973602,-1.3164526482794325
avg log pred advi,5220,1684.942003250122,-1.3134752894512958
avg log pred advi,5230,1688.809683084488,-1.310489012600805
avg log pred advi,5240,1692.3202240467072,-1.3075308868772975
avg log pred advi,5250,1695.4534630775452,-1.3045427596629642
avg log pred advi,5260,1698.5562422275543,-1.3016402496565778
avg log pred advi,5270,1701.829164981842,-1.2987543764605223
avg log pred advi,5280,1705.027178287506,-1.295879580931661
avg log pred advi,5290,1708.02392911911,-1.2930248004240237
avg log pred advi,5300,1711.170128107071,-1.2901013088285884
avg log pred advi,5310,1714.1759929656982,-1.2871161044315573
avg log pred advi,5320,1717.6373491287231,-1.2841486167301952
avg log pred advi,5330,1721.0842459201813,-1.2812761167628333
avg log pred advi,5340,1723.9896221160889,-1.27841633404993
avg log pred advi,5350,1727.0316760540009,-1.275508230227274
avg log pred advi,5360,1730.3759181499481,-1.272559006934778
avg log pred advi,5370,1733.7104942798615,-1.2696747550610392
avg log pred advi,5380,1737.219455242157,-1.266806630453656
avg log pred advi,5390,1741.5025062561035,-1.2639191271212342
avg log pred advi,5400,1744.7742969989777,-1.2610271907075026
avg log pred advi,5410,1749.899668931961,-1.2581865503105165
avg log pred advi,5420,1759.265619277954,-1.255292302887939
avg log pred advi,5430,1764.075932264328,-1.252468598286962
avg log pred advi,5440,1768.2591960430145,-1.2495920590266127
avg log pred advi,5450,1772.466293334961,-1.246694740691185
avg log pred advi,5460,1775.6972510814667,-1.243832629389143
avg log pred advi,5470,1779.0550079345703,-1.2409517258938987
avg log pred advi,5480,1782.2557349205017,-1.2381310999826265
avg log pred advi,5490,1785.3072881698608,-1.2352844914114078
avg log pred advi,5500,1788.2860531806946,-1.2324884212275369
avg log pred advi,5510,1791.6000881195068,-1.2297204079025317
avg log pred advi,5520,1796.0132870674133,-1.2268895888397402
avg log pred advi,5530,1799.8846719264984,-1.224079882132631
avg log pred advi,5540,1803.2974650859833,-1.2212796692550478
avg log pred advi,5550,1806.4797811508179,-1.2185353248168431
avg log pred advi,5560,1809.7211890220642,-1.2157412121640776
avg log pred advi,5570,1812.9709300994873,-1.2129742950943823
avg log pred advi,5580,1816.1608219146729,-1.210279786060399
avg log pred advi,5590,1819.6900560855865,-1.2075856918811263
avg log pred advi,5600,1823.2390410900116,-1.204879280124358
avg log pred advi,5610,1826.4237802028656,-1.202152833670446
avg log pred advi,5620,1829.7856402397156,-1.1993789406738438
avg log pred advi,5630,1833.2525041103363,-1.1966854118306787
avg log pred advi,5640,1836.4650421142578,-1.1939551747843422
avg log pred advi,5650,1839.8803272247314,-1.1912558404812668
avg log pred advi,5660,1843.8978481292725,-1.1885672567502585
avg log pred advi,5670,1847.3236100673676,-1.1858083263792807
avg log pred advi,5680,1850.7288370132446,-1.183090830370798
avg log pred advi,5690,1853.9272623062134,-1.1804036387527683
avg log pred advi,5700,1857.254132270813,-1.1777901160501387
avg log pred advi,5710,1861.5807871818542,-1.1751042910400258
avg log pred advi,5720,1864.8477759361267,-1.1724545576755032
avg log pred advi,5730,1869.1199841499329,-1.1698340388447643
avg log pred advi,5740,1872.56423330307,-1.1671863683976924
avg log pred advi,5750,1876.3046281337738,-1.1645812421260056
avg log pred advi,5760,1879.7749991416931,-1.1619803699010132
avg log pred advi,5770,1883.138943195343,-1.1593851261846526
avg log pred advi,5780,1886.3846671581268,-1.156838830216134
avg log pred advi,5790,1889.3399169445038,-1.1542575699819864
avg log pred advi,5800,1892.2087080478668,-1.151693659551159
avg log pred advi,5810,1895.1207101345062,-1.1490159266247346
avg log pred advi,5820,1898.075924873352,-1.1464086677702616
avg log pred advi,5830,1901.1483790874481,-1.1438370026050544
avg log pred advi,5840,1904.21040725708,-1.1412942011358247
avg log pred advi,5850,1907.2535762786865,-1.1387359430973014
avg log pred advi,5860,1910.4524059295654,-1.136121892034343
avg log pred advi,5870,1913.6350362300873,-1.1335263488862521
avg log pred advi,5880,1916.8366830348969,-1.1308658440997041
avg log pred advi,5890,1920.0516991615295,-1.1282969507220895
avg log pred advi,5900,1923.238233089447,-1.125690258194484
avg log pred advi,5910,1926.4322111606598,-1.1231124607991028
avg log pred advi,5920,1929.7018542289734,-1.1205583710272267
avg log pred advi,5930,1933.0928900241852,-1.1179765660538992
avg log pred advi,5940,1936.228998184204,-1.1154699591876538
avg log pred advi,5950,1939.4307441711426,-1.1129333866891127
avg log pred advi,5960,1942.6293811798096,-1.1103671910009267
avg log pred advi,5970,1946.0902562141418,-1.1078225083290825
avg log pred advi,5980,1949.5856981277466,-1.1052512653063489
avg log pred advi,5990,1953.0680041313171,-1.1027659914560295
avg log pred advi,6000,1956.677698135376,-1.100243296357319
avg log pred advi,6010,1963.5162222385406,-1.0977680732375106
avg log pred advi,6020,1967.9728722572327,-1.0953625242718759
avg log pred advi,6030,1973.5252571105957,-1.0928483173304213
avg log pred advi,6040,1977.2996940612793,-1.0903727551411695
avg log pred advi,6050,1981.1961703300476,-1.0878406319644596
avg log pred advi,6060,1985.0581722259521,-1.0853006712285211
avg log pred advi,6070,1988.597284078598,-1.0827356827527534
avg log pred advi,6080,1992.0657052993774,-1.080241762892354
avg log pred advi,6090,1995.2515270709991,-1.0777344723203939
avg log pred advi,6100,1998.3967542648315,-1.0752824849568154
avg log pred advi,6110,2002.1611721515656,-1.072777126860901
avg log pred advi,6120,2005.3490149974823,-1.0702842706149676
avg log pred advi,6130,2008.5255761146545,-1.0677912142786623
avg log pred advi,6140,2011.7266581058502,-1.0653028196209586
avg log pred advi,6150,2014.9216632843018,-1.0628032571183632
avg log pred advi,6160,2018.1119310855865,-1.060293938988934
avg log pred advi,6170,2021.7259209156036,-1.057802603075733
avg log pred advi,6180,2025.3274233341217,-1.0553256042618773
avg log pred advi,6190,2028.6711661815643,-1.0528549740280873
avg log pred advi,6200,2031.8885831832886,-1.0503888828939454
avg log pred advi,6210,2035.1006650924683,-1.047909607467814
avg log pred advi,6220,2038.300273180008,-1.0454561655288113
avg log pred advi,6230,2041.7139329910278,-1.0429567989011315
avg log pred advi,6240,2044.8915181159973,-1.0404849772283675
avg log pred advi,6250,2048.083841085434,-1.038107382968974
avg log pred advi,6260,2051.2244729995728,-1.035699254968156
avg log pred advi,6270,2054.2532551288605,-1.0333496986066304
avg log pred advi,6280,2058.3361551761627,-1.0309976520467126
avg log pred advi,6290,2061.6828660964966,-1.028652958739014
avg log pred advi,6300,2065.7557101249695,-1.026273052671239
avg log pred advi,6310,2069.1301081180573,-1.0239962353893683
avg log pred advi,6320,2076.2821111679077,-1.021722759603842
avg log pred advi,6330,2081.02686214447,-1.0193786684301362
avg log pred advi,6340,2084.8382670879364,-1.016951003187905
avg log pred advi,6350,2088.335807323456,-1.0145608698212312
avg log pred advi,6360,2091.988498210907,-1.012140774113984
avg log pred advi,6370,2096.530303955078,-1.009756446430921
avg log pred advi,6380,2099.507508277893,-1.007440409923662
avg log pred advi,6390,2102.4882233142853,-1.0050775464896096
avg log pred advi,6400,2105.7536430358887,-1.0027112516043706
avg log pred advi,6410,2108.7714850902557,-1.0003954905606292
avg log pred advi,6420,2111.7008140087128,-0.9980778664338809
avg log pred advi,6430,2114.604998111725,-0.9958134290698466
avg log pred advi,6440,2117.6028599739075,-0.9934849255808198
avg log pred advi,6450,2120.5346732139587,-0.9911937570868794
avg log pred advi,6460,2123.606873989105,-0.9888311368501222
avg log pred advi,6470,2126.91281414032,-0.9864514500885831
avg log pred advi,6480,2130.274411916733,-0.9841573434449989
avg log pred advi,6490,2133.1781051158905,-0.9819303970306903
avg log pred advi,6500,2136.1300671100616,-0.9796469533206843
avg log pred advi,6510,2139.1693229675293,-0.9773082247342565
avg log pred advi,6520,2142.144952058792,-0.974941099591003
avg log pred advi,6530,2145.0348060131073,-0.972525494885501
avg log pred advi,6540,2148.2610070705414,-0.9700848407315344
avg log pred advi,6550,2153.926437139511,-0.9676512882517202
avg log pred advi,6560,2158.385556936264,-0.9652433979479373
avg log pred advi,6570,2161.4134681224823,-0.9628857473149363
avg log pred advi,6580,2164.3729391098022,-0.9605261433420677
avg log pred advi,6590,2167.313660144806,-0.9581707864917247
avg log pred advi,6600,2170.2489981651306,-0.9557937499441382
avg log pred advi,6610,2173.155643224716,-0.9534415025396219
avg log pred advi,6620,2176.114928007126,-0.9511487829217617
avg log pred advi,6630,2179.022786140442,-0.9488778259498412
avg log pred advi,6640,2182.3790860176086,-0.9465868716297149
avg log pred advi,6650,2186.033420085907,-0.9443200985501823
avg log pred advi,6660,2189.8025810718536,-0.9420941559366042
avg log pred advi,6670,2193.354751110077,-0.9398737948353013
avg log pred advi,6680,2197.0260322093964,-0.9376302603643232
avg log pred advi,6690,2200.509355068207,-0.9354452694327892
avg log pred advi,6700,2204.008303165436,-0.9332230397733631
avg log pred advi,6710,2207.195832014084,-0.9310262999471022
avg log pred advi,6720,2210.449392080307,-0.928889825936752
avg log pred advi,6730,2213.640384912491,-0.9267030233120417
avg log pred advi,6740,2216.8207700252533,-0.9244452015351039
avg log pred advi,6750,2220.026938199997,-0.9222156409371282
avg log pred advi,6760,2223.334737062454,-0.9200453936178756
avg log pred advi,6770,2226.935127019882,-0.9178541043456826
avg log pred advi,6780,2230.116756916046,-0.9156554064117292
avg log pred advi,6790,2233.2980451583862,-0.9134500164349073
avg log pred advi,6800,2236.603359937668,-0.9112315083324439
avg log pred advi,6810,2239.837312936783,-0.9090025644047404
avg log pred advi,6820,2243.322484254837,-0.9067569856430286
avg log pred advi,6830,2247.013989210129,-0.9045233231364868
avg log pred advi,6840,2250.2449362277985,-0.9022757961240179
avg log pred advi,6850,2253.48575091362,-0.9000469195486337
avg log pred advi,6860,2257.127281188965,-0.8978720485872946
avg log pred advi,6870,2260.384842157364,-0.8957007063624627
avg log pred advi,6880,2263.5892798900604,-0.8934698626126177
avg log pred advi,6890,2266.771320104599,-0.8912403641184738
avg log pred advi,6900,2270.5811519622803,-0.8890442074213307
avg log pred advi,6910,2273.790661096573,-0.8868672635842868
avg log pred advi,6920,2277.0606231689453,-0.8846944781276231
avg log pred advi,6930,2281.053684234619,-0.8824815508252705
avg log pred advi,6940,2285.048346042633,-0.8803139382711408
avg log pred advi,6950,2288.2553610801697,-0.8781706609945777
avg log pred advi,6960,2291.51686501503,-0.876059247923495
avg log pred advi,6970,2295.450574159622,-0.8739010160164786
avg log pred advi,6980,2299.113063097,-0.8717803097960245
avg log pred advi,6990,2302.7770121097565,-0.8696227041862823
avg log pred advi,7000,2307.4442291259766,-0.8675173737171348
