"","female","black","age","edu","state","N"
"1",0,0,1,1,1,66177
"2",0,1,1,1,1,32465
"3",1,0,1,1,1,59778
"4",1,1,1,1,1,27416
"5",0,0,2,1,1,83032
"6",0,1,2,1,1,30201
"7",1,0,2,1,1,50956
"8",1,1,2,1,1,30975
"9",0,0,3,1,1,91537
"10",0,1,3,1,1,36066
"11",1,0,3,1,1,105241
"12",1,1,3,1,1,45635
"13",0,0,4,1,1,89976
"14",0,1,4,1,1,34121
"15",1,0,4,1,1,142172
"16",1,1,4,1,1,55007
"17",0,0,1,2,1,80972
"18",0,1,1,2,1,32806
"19",1,0,1,2,1,89510
"20",1,1,1,2,1,34281
"21",0,0,2,2,1,132999
"22",0,1,2,2,1,32877
"23",1,0,2,2,1,108409
"24",1,1,2,2,1,37402
"25",0,0,3,2,1,89608
"26",0,1,3,2,1,14505
"27",1,0,3,2,1,126165
"28",1,1,3,2,1,21399
"29",0,0,4,2,1,33864
"30",0,1,4,2,1,3513
"31",1,0,4,2,1,62985
"32",1,1,4,2,1,6289
"33",0,0,1,3,1,95846
"34",0,1,1,3,1,23509
"35",1,0,1,3,1,116447
"36",1,1,1,3,1,40218
"37",0,0,2,3,1,122598
"38",0,1,2,3,1,25352
"39",1,0,2,3,1,90055
"40",1,1,2,3,1,35818
"41",0,0,3,3,1,63077
"42",0,1,3,3,1,7775
"43",1,0,3,3,1,62275
"44",1,1,3,3,1,10635
"45",0,0,4,3,1,20503
"46",0,1,4,3,1,1565
"47",1,0,4,3,1,28492
"48",1,1,4,3,1,2688
"49",0,0,1,4,1,35325
"50",0,1,1,4,1,3598
"51",1,0,1,4,1,43462
"52",1,1,1,4,1,6521
"53",0,0,2,4,1,107787
"54",0,1,2,4,1,10022
"55",1,0,2,4,1,66394
"56",1,1,2,4,1,16536
"57",0,0,3,4,1,62244
"58",0,1,3,4,1,4863
"59",1,0,3,4,1,36741
"60",1,1,3,4,1,7832
"61",0,0,4,4,1,18575
"62",0,1,4,4,1,1630
"63",1,0,4,4,1,17754
"64",1,1,4,4,1,3472
"65",0,0,1,1,2,8782
"66",0,1,1,1,2,248
"67",1,0,1,1,2,6965
"68",1,1,1,1,2,271
"69",0,0,2,1,2,7954
"70",0,1,2,1,2,159
"71",1,0,2,1,2,6134
"72",1,1,2,1,2,167
"73",0,0,3,1,2,8061
"74",0,1,3,1,2,200
"75",1,0,3,1,2,7496
"76",1,1,3,1,2,171
"77",0,0,4,1,2,4035
"78",0,1,4,1,2,169
"79",1,0,4,1,2,4427
"80",1,1,4,1,2,205
"81",0,0,1,2,2,21631
"82",0,1,1,2,2,1895
"83",1,0,1,2,2,17046
"84",1,1,1,2,2,861
"85",0,0,2,2,2,29971
"86",0,1,2,2,2,935
"87",1,0,2,2,2,19770
"88",1,1,2,2,2,492
"89",0,0,3,2,2,11446
"90",0,1,3,2,2,274
"91",1,0,3,2,2,10897
"92",1,1,3,2,2,237
"93",0,0,4,2,2,2589
"94",0,1,4,2,2,60
"95",1,0,4,2,2,3101
"96",1,1,4,2,2,68
"97",0,0,1,3,2,19555
"98",0,1,1,3,2,1390
"99",1,0,1,3,2,17774
"100",1,1,1,3,2,1215
"101",0,0,2,3,2,38406
"102",0,1,2,3,2,1624
"103",1,0,2,3,2,29262
"104",1,1,2,3,2,1227
"105",0,0,3,3,2,12823
"106",0,1,3,3,2,476
"107",1,0,3,3,2,11434
"108",1,1,3,3,2,421
"109",0,0,4,3,2,1940
"110",0,1,4,3,2,37
"111",1,0,4,3,2,2655
"112",1,1,4,3,2,21
"113",0,0,1,4,2,4764
"114",0,1,1,4,2,84
"115",1,0,1,4,2,5097
"116",1,1,1,4,2,230
"117",0,0,2,4,2,26062
"118",0,1,2,4,2,521
"119",1,0,2,4,2,19410
"120",1,1,2,4,2,394
"121",0,0,3,4,2,12663
"122",0,1,3,4,2,196
"123",1,0,3,4,2,8332
"124",1,1,3,4,2,179
"125",0,0,4,4,2,1442
"126",0,1,4,4,2,14
"127",1,0,4,4,2,1366
"128",1,1,4,4,2,30
"129",0,0,1,1,3,84029
"130",0,1,1,1,3,3008
"131",1,0,1,1,3,69680
"132",1,1,1,1,3,2448
"133",0,0,2,1,3,73574
"134",0,1,2,1,3,1955
"135",1,0,2,1,3,59481
"136",1,1,2,1,3,1754
"137",0,0,3,1,3,66030
"138",0,1,3,1,3,2350
"139",1,0,3,1,3,78213
"140",1,1,3,1,3,2501
"141",0,0,4,1,3,69156
"142",0,1,4,1,3,1829
"143",1,0,4,1,3,89143
"144",1,1,4,1,3,2662
"145",0,0,1,2,3,94793
"146",0,1,1,2,3,3899
"147",1,0,1,2,3,88841
"148",1,1,1,2,3,3061
"149",0,0,2,2,3,113185
"150",0,1,2,2,3,3077
"151",1,0,2,2,3,104890
"152",1,1,2,2,3,2695
"153",0,0,3,2,3,72373
"154",0,1,3,2,3,1326
"155",1,0,3,2,3,103343
"156",1,1,3,2,3,1781
"157",0,0,4,2,3,50560
"158",0,1,4,2,3,447
"159",1,0,4,2,3,86073
"160",1,1,4,2,3,807
"161",0,0,1,3,3,127766
"162",0,1,1,3,3,5695
"163",1,0,1,3,3,135237
"164",1,1,1,3,3,4836
"165",0,0,2,3,3,188090
"166",0,1,2,3,3,6542
"167",1,0,2,3,3,157703
"168",1,1,2,3,3,5488
"169",0,0,3,3,3,90048
"170",0,1,3,3,3,2639
"171",1,0,3,3,3,99875
"172",1,1,3,3,3,2414
"173",0,0,4,3,3,45587
"174",0,1,4,3,3,352
"175",1,0,4,3,3,60546
"176",1,1,4,3,3,518
"177",0,0,1,4,3,39723
"178",0,1,1,4,3,924
"179",1,0,1,4,3,39545
"180",1,1,1,4,3,907
"181",0,0,2,4,3,133376
"182",0,1,2,4,3,2580
"183",1,0,2,4,3,90204
"184",1,1,2,4,3,1824
"185",0,0,3,4,3,77824
"186",0,1,3,4,3,1138
"187",1,0,3,4,3,51244
"188",1,1,3,4,3,984
"189",0,0,4,4,3,37565
"190",0,1,4,4,3,206
"191",1,0,4,4,3,31372
"192",1,1,4,4,3,377
"193",0,0,1,1,4,41742
"194",0,1,1,1,4,10538
"195",1,0,1,1,4,35240
"196",1,1,1,1,4,10011
"197",0,0,2,1,4,52510
"198",0,1,2,1,4,10654
"199",1,0,2,1,4,32679
"200",1,1,2,1,4,11709
"201",0,0,3,1,4,63420
"202",0,1,3,1,4,12867
"203",1,0,3,1,4,67192
"204",1,1,3,1,4,16329
"205",0,0,4,1,4,71636
"206",0,1,4,1,4,14092
"207",1,0,4,1,4,102085
"208",1,1,4,1,4,21741
"209",0,0,1,2,4,62571
"210",0,1,1,2,4,12583
"211",1,0,1,2,4,69019
"212",1,1,1,2,4,13942
"213",0,0,2,2,4,95374
"214",0,1,2,2,4,12885
"215",1,0,2,2,4,77159
"216",1,1,2,2,4,14626
"217",0,0,3,2,4,63385
"218",0,1,3,2,4,4107
"219",1,0,3,2,4,85118
"220",1,1,3,2,4,6769
"221",0,0,4,2,4,26028
"222",0,1,4,2,4,1128
"223",1,0,4,2,4,44965
"224",1,1,4,2,4,2016
"225",0,0,1,3,4,51762
"226",0,1,1,3,4,7593
"227",1,0,1,3,4,63712
"228",1,1,1,3,4,12111
"229",0,0,2,3,4,70108
"230",0,1,2,3,4,7493
"231",1,0,2,3,4,54350
"232",1,1,2,3,4,10158
"233",0,0,3,3,4,37168
"234",0,1,3,3,4,2482
"235",1,0,3,3,4,38549
"236",1,1,3,3,4,2594
"237",0,0,4,3,4,16407
"238",0,1,4,3,4,477
"239",1,0,4,3,4,22626
"240",1,1,4,3,4,808
"241",0,0,1,4,4,15889
"242",0,1,1,4,4,1225
"243",1,0,1,4,4,20430
"244",1,1,1,4,4,2087
"245",0,0,2,4,4,51741
"246",0,1,2,4,4,3514
"247",1,0,2,4,4,36255
"248",1,1,2,4,4,5273
"249",0,0,3,4,4,31739
"250",0,1,3,4,4,1542
"251",1,0,3,4,4,21390
"252",1,1,3,4,4,2018
"253",0,0,4,4,4,12032
"254",0,1,4,4,4,566
"255",1,0,4,4,4,12081
"256",1,1,4,4,4,1128
"257",0,0,1,1,5,908906
"258",0,1,1,1,5,67409
"259",1,0,1,1,5,659972
"260",1,1,1,1,5,47236
"261",0,0,2,1,5,856945
"262",0,1,2,1,5,43256
"263",1,0,2,1,5,649034
"264",1,1,2,1,5,38392
"265",0,0,3,1,5,513375
"266",0,1,3,1,5,43540
"267",1,0,3,1,5,618384
"268",1,1,3,1,5,48586
"269",0,0,4,1,5,418548
"270",0,1,4,1,5,37541
"271",1,0,4,1,5,639119
"272",1,1,4,1,5,56146
"273",0,0,1,2,5,761932
"274",0,1,1,2,5,86897
"275",1,0,1,2,5,643685
"276",1,1,1,2,5,67617
"277",0,0,2,2,5,821861
"278",0,1,2,2,5,64991
"279",1,0,2,2,5,698106
"280",1,1,2,2,5,62413
"281",0,0,3,2,5,449835
"282",0,1,3,2,5,38766
"283",1,0,3,2,5,660227
"284",1,1,3,2,5,46499
"285",0,0,4,2,5,292095
"286",0,1,4,2,5,12067
"287",1,0,4,2,5,537188
"288",1,1,4,2,5,20066
"289",0,0,1,3,5,952182
"290",0,1,1,3,5,87330
"291",1,0,1,3,5,979989
"292",1,1,1,3,5,97400
"293",0,0,2,3,5,1449151
"294",0,1,2,3,5,109647
"295",1,0,2,3,5,1211453
"296",1,1,2,3,5,125162
"297",0,0,3,3,5,669885
"298",0,1,3,3,5,54102
"299",1,0,3,3,5,723900
"300",1,1,3,3,5,61448
"301",0,0,4,3,5,268491
"302",0,1,4,3,5,9332
"303",1,0,4,3,5,371428
"304",1,1,4,3,5,13958
"305",0,0,1,4,5,393802
"306",0,1,1,4,5,16211
"307",1,0,1,4,5,389604
"308",1,1,1,4,5,20971
"309",0,0,2,4,5,1299394
"310",0,1,2,4,5,49639
"311",1,0,2,4,5,880522
"312",1,1,2,4,5,46975
"313",0,0,3,4,5,731713
"314",0,1,3,4,5,27520
"315",1,0,3,4,5,474016
"316",1,1,3,4,5,25736
"317",0,0,4,4,5,242635
"318",0,1,4,4,5,4331
"319",1,0,4,4,5,192618
"320",1,1,4,4,5,6296
"321",0,0,1,1,6,52170
"322",0,1,1,1,6,2588
"323",1,0,1,1,6,44245
"324",1,1,1,1,6,2469
"325",0,0,2,1,6,47213
"326",0,1,2,1,6,2242
"327",1,0,2,1,6,36331
"328",1,1,2,1,6,2027
"329",0,0,3,1,6,43585
"330",0,1,3,1,6,2169
"331",1,0,3,1,6,50038
"332",1,1,3,1,6,2334
"333",0,0,4,1,6,47556
"334",0,1,4,1,6,1381
"335",1,0,4,1,6,66342
"336",1,1,4,1,6,2253
"337",0,0,1,2,6,85064
"338",0,1,1,2,6,5617
"339",1,0,1,2,6,80148
"340",1,1,1,2,6,4462
"341",0,0,2,2,6,118854
"342",0,1,2,2,6,4305
"343",1,0,2,2,6,107590
"344",1,1,2,2,6,4120
"345",0,0,3,2,6,70106
"346",0,1,3,2,6,2540
"347",1,0,3,2,6,96778
"348",1,1,3,2,6,3073
"349",0,0,4,2,6,33722
"350",0,1,4,2,6,544
"351",1,0,4,2,6,61587
"352",1,1,4,2,6,1212
"353",0,0,1,3,6,113383
"354",0,1,1,3,6,6152
"355",1,0,1,3,6,115946
"356",1,1,1,3,6,5705
"357",0,0,2,3,6,183637
"358",0,1,2,3,6,7157
"359",1,0,2,3,6,157588
"360",1,1,2,3,6,6624
"361",0,0,3,3,6,74977
"362",0,1,3,3,6,3544
"363",1,0,3,3,6,83907
"364",1,1,3,3,6,3044
"365",0,0,4,3,6,24935
"366",0,1,4,3,6,526
"367",1,0,4,3,6,38346
"368",1,1,4,3,6,580
"369",0,0,1,4,6,46050
"370",0,1,1,4,6,1305
"371",1,0,1,4,6,49626
"372",1,1,1,4,6,1093
"373",0,0,2,4,6,184312
"374",0,1,2,4,6,3649
"375",1,0,2,4,6,130420
"376",1,1,2,4,6,2862
"377",0,0,3,4,6,90851
"378",0,1,3,4,6,1873
"379",1,0,3,4,6,59999
"380",1,1,3,4,6,1561
"381",0,0,4,4,6,26095
"382",0,1,4,4,6,291
"383",1,0,4,4,6,22554
"384",1,1,4,4,6,442
"385",0,0,1,1,7,45650
"386",0,1,1,1,7,8415
"387",1,0,1,1,7,34607
"388",1,1,1,1,7,7649
"389",0,0,2,1,7,48693
"390",0,1,2,1,7,7734
"391",1,0,2,1,7,34102
"392",1,1,2,1,7,6915
"393",0,0,3,1,7,61685
"394",0,1,3,1,7,8606
"395",1,0,3,1,7,61432
"396",1,1,3,1,7,9708
"397",0,0,4,1,7,72145
"398",0,1,4,1,7,4208
"399",1,0,4,1,7,112187
"400",1,1,4,1,7,7171
"401",0,0,1,2,7,94579
"402",0,1,1,2,7,12128
"403",1,0,1,2,7,78793
"404",1,1,1,2,7,12038
"405",0,0,2,2,7,117383
"406",0,1,2,2,7,9846
"407",1,0,2,2,7,101419
"408",1,1,2,2,7,11597
"409",0,0,3,2,7,77476
"410",0,1,3,2,7,5999
"411",1,0,3,2,7,116011
"412",1,1,3,2,7,8754
"413",0,0,4,2,7,45214
"414",0,1,4,2,7,1338
"415",1,0,4,2,7,89388
"416",1,1,4,2,7,2073
"417",0,0,1,3,7,86513
"418",0,1,1,3,7,7827
"419",1,0,1,3,7,100112
"420",1,1,1,3,7,10598
"421",0,0,2,3,7,120709
"422",0,1,2,3,7,8151
"423",1,0,2,3,7,112468
"424",1,1,2,3,7,9930
"425",0,0,3,3,7,56760
"426",0,1,3,3,7,2542
"427",1,0,3,3,7,68592
"428",1,1,3,3,7,4220
"429",0,0,4,3,7,22971
"430",0,1,4,3,7,566
"431",1,0,4,3,7,31917
"432",1,1,4,3,7,845
"433",0,0,1,4,7,56963
"434",0,1,1,4,7,2355
"435",1,0,1,4,7,63554
"436",1,1,1,4,7,2690
"437",0,0,2,4,7,173830
"438",0,1,2,4,7,4806
"439",1,0,2,4,7,128814
"440",1,1,2,4,7,5257
"441",0,0,3,4,7,100762
"442",0,1,3,4,7,2183
"443",1,0,3,4,7,68197
"444",1,1,3,4,7,2427
"445",0,0,4,4,7,29485
"446",0,1,4,4,7,274
"447",1,0,4,4,7,25442
"448",1,1,4,4,7,440
"449",0,0,1,1,8,9688
"450",0,1,1,1,8,3391
"451",1,0,1,1,8,7115
"452",1,1,1,1,8,2730
"453",0,0,2,1,8,9820
"454",0,1,2,1,8,3129
"455",1,0,2,1,8,5736
"456",1,1,2,1,8,3225
"457",0,0,3,1,8,12032
"458",0,1,3,1,8,3807
"459",1,0,3,1,8,12343
"460",1,1,3,1,8,4073
"461",0,0,4,1,8,11846
"462",0,1,4,1,8,2581
"463",1,0,4,1,8,17561
"464",1,1,4,1,8,3836
"465",0,0,1,2,8,19358
"466",0,1,1,2,8,4791
"467",1,0,1,2,8,20795
"468",1,1,1,2,8,5346
"469",0,0,2,2,8,26107
"470",0,1,2,2,8,4290
"471",1,0,2,2,8,20279
"472",1,1,2,2,8,4996
"473",0,0,3,2,8,16083
"474",0,1,3,2,8,2051
"475",1,0,3,2,8,23190
"476",1,1,3,2,8,2732
"477",0,0,4,2,8,6886
"478",0,1,4,2,8,623
"479",1,0,4,2,8,14112
"480",1,1,4,2,8,950
"481",0,0,1,3,8,17000
"482",0,1,1,3,8,2955
"483",1,0,1,3,8,22390
"484",1,1,1,3,8,3928
"485",0,0,2,3,8,23296
"486",0,1,2,3,8,3013
"487",1,0,2,3,8,18544
"488",1,1,2,3,8,4108
"489",0,0,3,3,8,10854
"490",0,1,3,3,8,1007
"491",1,0,3,3,8,12287
"492",1,1,3,3,8,1553
"493",0,0,4,3,8,4635
"494",0,1,4,3,8,80
"495",1,0,4,3,8,6745
"496",1,1,4,3,8,291
"497",0,0,1,4,8,8411
"498",0,1,1,4,8,714
"499",1,0,1,4,8,10890
"500",1,1,1,4,8,867
"501",0,0,2,4,8,25210
"502",0,1,2,4,8,1613
"503",1,0,2,4,8,16732
"504",1,1,2,4,8,1742
"505",0,0,3,4,8,14761
"506",0,1,3,4,8,889
"507",1,0,3,4,8,9295
"508",1,1,3,4,8,980
"509",0,0,4,4,8,5995
"510",0,1,4,4,8,157
"511",1,0,4,4,8,4110
"512",1,1,4,4,8,262
"513",0,0,1,1,9,3560
"514",0,1,1,1,9,13021
"515",1,0,1,1,9,3430
"516",1,1,1,1,9,11907
"517",0,0,2,1,9,6046
"518",0,1,2,1,9,11573
"519",1,0,2,1,9,1531
"520",1,1,2,1,9,11177
"521",0,0,3,1,9,1661
"522",0,1,3,1,9,14727
"523",1,0,3,1,9,2044
"524",1,1,3,1,9,16794
"525",0,0,4,1,9,1673
"526",0,1,4,1,9,11653
"527",1,0,4,1,9,2956
"528",1,1,4,1,9,18491
"529",0,0,1,2,9,3543
"530",0,1,1,2,9,11944
"531",1,0,1,2,9,4448
"532",1,1,1,2,9,14774
"533",0,0,2,2,9,5009
"534",0,1,2,2,9,12643
"535",1,0,2,2,9,490
"536",1,1,2,2,9,14874
"537",0,0,3,2,9,1390
"538",0,1,3,2,9,8818
"539",1,0,3,2,9,1895
"540",1,1,3,2,9,12850
"541",0,0,4,2,9,1561
"542",0,1,4,2,9,3691
"543",1,0,4,2,9,4239
"544",1,1,4,2,9,7940
"545",0,0,1,3,9,8807
"546",0,1,1,3,9,10116
"547",1,0,1,3,9,10723
"548",1,1,1,3,9,13430
"549",0,0,2,3,9,7875
"550",0,1,2,3,9,10831
"551",1,0,2,3,9,2608
"552",1,1,2,3,9,14130
"553",0,0,3,3,9,2053
"554",0,1,3,3,9,5176
"555",1,0,3,3,9,3488
"556",1,1,3,3,9,7850
"557",0,0,4,3,9,1363
"558",0,1,4,3,9,1790
"559",1,0,4,3,9,4042
"560",1,1,4,3,9,3612
"561",0,0,1,4,9,14760
"562",0,1,1,4,9,3018
"563",1,0,1,4,9,18766
"564",1,1,1,4,9,4588
"565",0,0,2,4,9,29023
"566",0,1,2,4,9,8050
"567",1,0,2,4,9,18605
"568",1,1,2,4,9,10399
"569",0,0,3,4,9,13297
"570",0,1,3,4,9,5022
"571",1,0,3,4,9,10687
"572",1,1,3,4,9,5946
"573",0,0,4,4,9,4897
"574",0,1,4,4,9,1903
"575",1,0,4,4,9,4799
"576",1,1,4,4,9,3062
"577",0,0,1,1,10,225275
"578",0,1,1,1,10,63510
"579",1,0,1,1,10,179293
"580",1,1,1,1,10,55203
"581",0,0,2,1,10,243917
"582",0,1,2,1,10,64476
"583",1,0,2,1,10,148919
"584",1,1,2,1,10,61027
"585",0,0,3,1,10,256519
"586",0,1,3,1,10,69033
"587",1,0,3,1,10,299375
"588",1,1,3,1,10,73663
"589",0,0,4,1,10,340217
"590",0,1,4,1,10,38980
"591",1,0,4,1,10,469772
"592",1,1,4,1,10,60760
"593",0,0,1,2,10,295623
"594",0,1,1,2,10,58494
"595",1,0,1,2,10,306619
"596",1,1,1,2,10,61787
"597",0,0,2,2,10,414946
"598",0,1,2,2,10,57177
"599",1,0,2,2,10,341475
"600",1,1,2,2,10,62490
"601",0,0,3,2,10,294616
"602",0,1,3,2,10,25332
"603",1,0,3,2,10,453607
"604",1,1,3,2,10,35899
"605",0,0,4,2,10,249631
"606",0,1,4,2,10,5717
"607",1,0,4,2,10,465960
"608",1,1,4,2,10,9631
"609",0,0,1,3,10,318722
"610",0,1,1,3,10,39035
"611",1,0,1,3,10,391100
"612",1,1,1,3,10,58226
"613",0,0,2,3,10,497437
"614",0,1,2,3,10,45961
"615",1,0,2,3,10,389337
"616",1,1,2,3,10,60119
"617",0,0,3,3,10,275787
"618",0,1,3,3,10,15356
"619",1,0,3,3,10,299288
"620",1,1,3,3,10,20786
"621",0,0,4,3,10,193579
"622",0,1,4,3,10,2878
"623",1,0,4,3,10,222368
"624",1,1,4,3,10,4242
"625",0,0,1,4,10,122656
"626",0,1,1,4,10,7488
"627",1,0,1,4,10,150491
"628",1,1,1,4,10,11740
"629",0,0,2,4,10,413068
"630",0,1,2,4,10,20585
"631",1,0,2,4,10,255654
"632",1,1,2,4,10,27438
"633",0,0,3,4,10,265920
"634",0,1,3,4,10,10225
"635",1,0,3,4,10,167442
"636",1,1,3,4,10,14190
"637",0,0,4,4,10,173970
"638",0,1,4,4,10,2048
"639",1,0,4,4,10,124539
"640",1,1,4,4,10,4351
"641",0,0,1,1,11,111241
"642",0,1,1,1,11,56429
"643",1,0,1,1,11,93723
"644",1,1,1,1,11,49563
"645",0,0,2,1,11,129679
"646",0,1,2,1,11,55647
"647",1,0,2,1,11,75138
"648",1,1,2,1,11,58639
"649",0,0,3,1,11,120202
"650",0,1,3,1,11,59689
"651",1,0,3,1,11,135082
"652",1,1,3,1,11,72897
"653",0,0,4,1,11,101720
"654",0,1,4,1,11,39549
"655",1,0,4,1,11,166524
"656",1,1,4,1,11,70938
"657",0,0,1,2,11,155234
"658",0,1,1,2,11,70814
"659",1,0,1,2,11,160367
"660",1,1,1,2,11,72466
"661",0,0,2,2,11,212638
"662",0,1,2,2,11,66443
"663",1,0,2,2,11,174800
"664",1,1,2,2,11,77096
"665",0,0,3,2,11,127846
"666",0,1,3,2,11,23880
"667",1,0,3,2,11,177121
"668",1,1,3,2,11,32608
"669",0,0,4,2,11,42719
"670",0,1,4,2,11,4104
"671",1,0,4,2,11,83767
"672",1,1,4,2,11,8089
"673",0,0,1,3,11,144546
"674",0,1,1,3,11,41918
"675",1,0,1,3,11,168113
"676",1,1,1,3,11,61679
"677",0,0,2,3,11,202644
"678",0,1,2,3,11,43606
"679",1,0,2,3,11,150445
"680",1,1,2,3,11,57169
"681",0,0,3,3,11,97591
"682",0,1,3,3,11,12041
"683",1,0,3,3,11,98483
"684",1,1,3,3,11,14339
"685",0,0,4,3,11,27062
"686",0,1,4,3,11,1865
"687",1,0,4,3,11,41608
"688",1,1,4,3,11,2816
"689",0,0,1,4,11,71396
"690",0,1,1,4,11,9363
"691",1,0,1,4,11,90721
"692",1,1,1,4,11,16916
"693",0,0,2,4,11,220800
"694",0,1,2,4,11,23437
"695",1,0,2,4,11,136495
"696",1,1,2,4,11,34014
"697",0,0,3,4,11,113704
"698",0,1,3,4,11,9250
"699",1,0,3,4,11,66633
"700",1,1,3,4,11,12750
"701",0,0,4,4,11,29452
"702",0,1,4,4,11,1565
"703",1,0,4,4,11,26557
"704",1,1,4,4,11,4212
"705",0,0,1,1,12,12756
"706",0,1,1,1,12,312
"707",1,0,1,1,12,10090
"708",1,1,1,1,12,199
"709",0,0,2,1,12,15592
"710",0,1,2,1,12,135
"711",1,0,2,1,12,13215
"712",1,1,2,1,12,120
"713",0,0,3,1,12,18643
"714",0,1,3,1,12,75
"715",1,0,3,1,12,24128
"716",1,1,3,1,12,52
"717",0,0,4,1,12,28900
"718",0,1,4,1,12,106
"719",1,0,4,1,12,35061
"720",1,1,4,1,12,68
"721",0,0,1,2,12,47084
"722",0,1,1,2,12,3708
"723",1,0,1,2,12,33262
"724",1,1,1,2,12,1412
"725",0,0,2,2,12,43821
"726",0,1,2,2,12,1208
"727",1,0,2,2,12,34376
"728",1,1,2,2,12,481
"729",0,0,3,2,12,29959
"730",0,1,3,2,12,161
"731",1,0,3,2,12,36919
"732",1,1,3,2,12,114
"733",0,0,4,2,12,15684
"734",0,1,4,2,12,37
"735",1,0,4,2,12,16447
"736",1,1,4,2,12,26
"737",0,0,1,3,12,38908
"738",0,1,1,3,12,2438
"739",1,0,1,3,12,39779
"740",1,1,1,3,12,1910
"741",0,0,2,3,12,61890
"742",0,1,2,3,12,2093
"743",1,0,2,3,12,48918
"744",1,1,2,3,12,1020
"745",0,0,3,3,12,23031
"746",0,1,3,3,12,369
"747",1,0,3,3,12,23605
"748",1,1,3,3,12,117
"749",0,0,4,3,12,6676
"750",0,1,4,3,12,80
"751",1,0,4,3,12,7672
"752",1,1,4,3,12,47
"753",0,0,1,4,12,12729
"754",0,1,1,4,12,252
"755",1,0,1,4,12,14332
"756",1,1,1,4,12,265
"757",0,0,2,4,12,49962
"758",0,1,2,4,12,525
"759",1,0,2,4,12,38420
"760",1,1,2,4,12,530
"761",0,0,3,4,12,26028
"762",0,1,3,4,12,254
"763",1,0,3,4,12,19644
"764",1,1,3,4,12,172
"765",0,0,4,4,12,7879
"766",0,1,4,4,12,12
"767",1,0,4,4,12,5982
"768",1,1,4,4,12,0
"769",0,0,1,1,13,19378
"770",0,1,1,1,13,40
"771",1,0,1,1,13,15085
"772",1,1,1,1,13,77
"773",0,0,2,1,13,17870
"774",0,1,2,1,13,28
"775",1,0,2,1,13,12613
"776",1,1,2,1,13,16
"777",0,0,3,1,13,18064
"778",0,1,3,1,13,43
"779",1,0,3,1,13,17546
"780",1,1,3,1,13,47
"781",0,0,4,1,13,21885
"782",0,1,4,1,13,65
"783",1,0,4,1,13,25278
"784",1,1,4,1,13,61
"785",0,0,1,2,13,26600
"786",0,1,1,2,13,122
"787",1,0,1,2,13,25945
"788",1,1,1,2,13,74
"789",0,0,2,2,13,37588
"790",0,1,2,2,13,126
"791",1,0,2,2,13,33985
"792",1,1,2,2,13,119
"793",0,0,3,2,13,25353
"794",0,1,3,2,13,58
"795",1,0,3,2,13,33239
"796",1,1,3,2,13,63
"797",0,0,4,2,13,14298
"798",0,1,4,2,13,18
"799",1,0,4,2,13,21993
"800",1,1,4,2,13,24
"801",0,0,1,3,13,32410
"802",0,1,1,3,13,401
"803",1,0,1,3,13,35813
"804",1,1,1,3,13,200
"805",0,0,2,3,13,50747
"806",0,1,2,3,13,249
"807",1,0,2,3,13,46032
"808",1,1,2,3,13,70
"809",0,0,3,3,13,24398
"810",0,1,3,3,13,60
"811",1,0,3,3,13,26689
"812",1,1,3,3,13,54
"813",0,0,4,3,13,9882
"814",0,1,4,3,13,20
"815",1,0,4,3,13,14320
"816",1,1,4,3,13,6
"817",0,0,1,4,13,6746
"818",0,1,1,4,13,60
"819",1,0,1,4,13,6566
"820",1,1,1,4,13,46
"821",0,0,2,4,13,34968
"822",0,1,2,4,13,133
"823",1,0,2,4,13,21935
"824",1,1,2,4,13,52
"825",0,0,3,4,13,19766
"826",0,1,3,4,13,19
"827",1,0,3,4,13,11319
"828",1,1,3,4,13,11
"829",0,0,4,4,13,6573
"830",0,1,4,4,13,0
"831",1,0,4,4,13,6715
"832",1,1,4,4,13,0
"833",0,0,1,1,14,168433
"834",0,1,1,1,14,54954
"835",1,0,1,1,14,126051
"836",1,1,1,1,14,46751
"837",0,0,2,1,14,196342
"838",0,1,2,1,14,42927
"839",1,0,2,1,14,131815
"840",1,1,2,1,14,43411
"841",0,0,3,1,14,206794
"842",0,1,3,1,14,54826
"843",1,0,3,1,14,215087
"844",1,1,3,1,14,60816
"845",0,0,4,1,14,227602
"846",0,1,4,1,14,35354
"847",1,0,4,1,14,369314
"848",1,1,4,1,14,54747
"849",0,0,1,2,14,267157
"850",0,1,1,2,14,52483
"851",1,0,1,2,14,246312
"852",1,1,1,2,14,50887
"853",0,0,2,2,14,385648
"854",0,1,2,2,14,47753
"855",1,0,2,2,14,354669
"856",1,1,2,2,14,55207
"857",0,0,3,2,14,278682
"858",0,1,3,2,14,30833
"859",1,0,3,2,14,379275
"860",1,1,3,2,14,41768
"861",0,0,4,2,14,141031
"862",0,1,4,2,14,8529
"863",1,0,4,2,14,260693
"864",1,1,4,2,14,15810
"865",0,0,1,3,14,321765
"866",0,1,1,3,14,47494
"867",1,0,1,3,14,343544
"868",1,1,1,3,14,68018
"869",0,0,2,3,14,446111
"870",0,1,2,3,14,55244
"871",1,0,2,3,14,366032
"872",1,1,2,3,14,79741
"873",0,0,3,3,14,201546
"874",0,1,3,3,14,25169
"875",1,0,3,3,14,216226
"876",1,1,3,3,14,37431
"877",0,0,4,3,14,75469
"878",0,1,4,3,14,5134
"879",1,0,4,3,14,102090
"880",1,1,4,3,14,9085
"881",0,0,1,4,14,176280
"882",0,1,1,4,14,9615
"883",1,0,1,4,14,175233
"884",1,1,1,4,14,14529
"885",0,0,2,4,14,448723
"886",0,1,2,4,14,23946
"887",1,0,2,4,14,317771
"888",1,1,2,4,14,31634
"889",0,0,3,4,14,224273
"890",0,1,3,4,14,11331
"891",1,0,3,4,14,153285
"892",1,1,3,4,14,16387
"893",0,0,4,4,14,64858
"894",0,1,4,4,14,2209
"895",1,0,4,4,14,58364
"896",1,1,4,4,14,4091
"897",0,0,1,1,15,97267
"898",0,1,1,1,15,12482
"899",1,0,1,1,15,80100
"900",1,1,1,1,15,10768
"901",0,0,2,1,15,98786
"902",0,1,2,1,15,10096
"903",1,0,2,1,15,76253
"904",1,1,2,1,15,9741
"905",0,0,3,1,15,123154
"906",0,1,3,1,15,13520
"907",1,0,3,1,15,133248
"908",1,1,3,1,15,14936
"909",0,0,4,1,15,114803
"910",0,1,4,1,15,10484
"911",1,0,4,1,15,182553
"912",1,1,4,1,15,15814
"913",0,0,1,2,15,169659
"914",0,1,1,2,15,14012
"915",1,0,1,2,15,169728
"916",1,1,1,2,15,15534
"917",0,0,2,2,15,275492
"918",0,1,2,2,15,15345
"919",1,0,2,2,15,247395
"920",1,1,2,2,15,17275
"921",0,0,3,2,15,178947
"922",0,1,3,2,15,8875
"923",1,0,3,2,15,227947
"924",1,1,3,2,15,12737
"925",0,0,4,2,15,82063
"926",0,1,4,2,15,2554
"927",1,0,4,2,15,143889
"928",1,1,4,2,15,4588
"929",0,0,1,3,15,154018
"930",0,1,1,3,15,11185
"931",1,0,1,3,15,169870
"932",1,1,1,3,15,16387
"933",0,0,2,3,15,197326
"934",0,1,2,3,15,13097
"935",1,0,2,3,15,167480
"936",1,1,2,3,15,18017
"937",0,0,3,3,15,90803
"938",0,1,3,3,15,6121
"939",1,0,3,3,15,91397
"940",1,1,3,3,15,7001
"941",0,0,4,3,15,33519
"942",0,1,4,3,15,1062
"943",1,0,4,3,15,46053
"944",1,1,4,3,15,1701
"945",0,0,1,4,15,60566
"946",0,1,1,4,15,1789
"947",1,0,1,4,15,59236
"948",1,1,1,4,15,2803
"949",0,0,2,4,15,160491
"950",0,1,2,4,15,5215
"951",1,0,2,4,15,112571
"952",1,1,2,4,15,6004
"953",0,0,3,4,15,83984
"954",0,1,3,4,15,2564
"955",1,0,3,4,15,55424
"956",1,1,3,4,15,3312
"957",0,0,4,4,15,28457
"958",0,1,4,4,15,584
"959",1,0,4,4,15,26677
"960",1,1,4,4,15,1144
"961",0,0,1,1,16,34431
"962",0,1,1,1,16,1288
"963",1,0,1,1,16,27054
"964",1,1,1,1,16,1062
"965",0,0,2,1,16,32302
"966",0,1,2,1,16,681
"967",1,0,2,1,16,22315
"968",1,1,2,1,16,907
"969",0,0,3,1,16,53539
"970",0,1,3,1,16,1319
"971",1,0,3,1,16,47812
"972",1,1,3,1,16,1341
"973",0,0,4,1,16,78823
"974",0,1,4,1,16,808
"975",1,0,4,1,16,100389
"976",1,1,4,1,16,1109
"977",0,0,1,2,16,80609
"978",0,1,1,2,16,1904
"979",1,0,1,2,16,74690
"980",1,1,1,2,16,1518
"981",0,0,2,2,16,137825
"982",0,1,2,2,16,1569
"983",1,0,2,2,16,113799
"984",1,1,2,2,16,1509
"985",0,0,3,2,16,104563
"986",0,1,3,2,16,868
"987",1,0,3,2,16,126990
"988",1,1,3,2,16,1028
"989",0,0,4,2,16,53672
"990",0,1,4,2,16,234
"991",1,0,4,2,16,92889
"992",1,1,4,2,16,409
"993",0,0,1,3,16,92523
"994",0,1,1,3,16,2138
"995",1,0,1,3,16,104953
"996",1,1,1,3,16,2255
"997",0,0,2,3,16,113082
"998",0,1,2,3,16,1639
"999",1,0,2,3,16,104786
"1000",1,1,2,3,16,1668
"1001",0,0,3,3,16,45931
"1002",0,1,3,3,16,637
"1003",1,0,3,3,16,59068
"1004",1,1,3,3,16,714
"1005",0,0,4,3,16,19481
"1006",0,1,4,3,16,129
"1007",1,0,4,3,16,41553
"1008",1,1,4,3,16,180
"1009",0,0,1,4,16,30384
"1010",0,1,1,4,16,493
"1011",1,0,1,4,16,31427
"1012",1,1,1,4,16,486
"1013",0,0,2,4,16,89680
"1014",0,1,2,4,16,1022
"1015",1,0,2,4,16,65452
"1016",1,1,2,4,16,606
"1017",0,0,3,4,16,45589
"1018",0,1,3,4,16,307
"1019",1,0,3,4,16,32636
"1020",1,1,3,4,16,290
"1021",0,0,4,4,16,15665
"1022",0,1,4,4,16,32
"1023",1,0,4,4,16,20379
"1024",1,1,4,4,16,97
"1025",0,0,1,1,17,33814
"1026",0,1,1,1,17,3477
"1027",1,0,1,1,17,28875
"1028",1,1,1,1,17,3162
"1029",0,0,2,1,17,32676
"1030",0,1,2,1,17,2687
"1031",1,0,2,1,17,23230
"1032",1,1,2,1,17,2761
"1033",0,0,3,1,17,36797
"1034",0,1,3,1,17,3331
"1035",1,0,3,1,17,38397
"1036",1,1,3,1,17,3620
"1037",0,0,4,1,17,52609
"1038",0,1,4,1,17,2884
"1039",1,0,4,1,17,74044
"1040",1,1,4,1,17,4309
"1041",0,0,1,2,17,67235
"1042",0,1,1,2,17,6747
"1043",1,0,1,2,17,59070
"1044",1,1,1,2,17,5000
"1045",0,0,2,2,17,100714
"1046",0,1,2,2,17,5446
"1047",1,0,2,2,17,82510
"1048",1,1,2,2,17,4927
"1049",0,0,3,2,17,70857
"1050",0,1,3,2,17,2262
"1051",1,0,3,2,17,88607
"1052",1,1,3,2,17,3175
"1053",0,0,4,2,17,40758
"1054",0,1,4,2,17,894
"1055",1,0,4,2,17,69639
"1056",1,1,4,2,17,1611
"1057",0,0,1,3,17,81609
"1058",0,1,1,3,17,6126
"1059",1,0,1,3,17,84511
"1060",1,1,1,3,17,5592
"1061",0,0,2,3,17,106660
"1062",0,1,2,3,17,5883
"1063",1,0,2,3,17,95748
"1064",1,1,2,3,17,5674
"1065",0,0,3,3,17,47150
"1066",0,1,3,3,17,2261
"1067",1,0,3,3,17,57313
"1068",1,1,3,3,17,2043
"1069",0,0,4,3,17,21131
"1070",0,1,4,3,17,375
"1071",1,0,4,3,17,36142
"1072",1,1,4,3,17,668
"1073",0,0,1,4,17,31239
"1074",0,1,1,4,17,849
"1075",1,0,1,4,17,32609
"1076",1,1,1,4,17,926
"1077",0,0,2,4,17,99920
"1078",0,1,2,4,17,2545
"1079",1,0,2,4,17,70562
"1080",1,1,2,4,17,2397
"1081",0,0,3,4,17,51667
"1082",0,1,3,4,17,880
"1083",1,0,3,4,17,33651
"1084",1,1,3,4,17,1169
"1085",0,0,4,4,17,17317
"1086",0,1,4,4,17,211
"1087",1,0,4,4,17,19445
"1088",1,1,4,4,17,371
"1089",0,0,1,1,18,81062
"1090",0,1,1,1,18,7746
"1091",1,0,1,1,18,71418
"1092",1,1,1,1,18,6182
"1093",0,0,2,1,18,111785
"1094",0,1,2,1,18,6416
"1095",1,0,2,1,18,71774
"1096",1,1,2,1,18,6987
"1097",0,0,3,1,18,134124
"1098",0,1,3,1,18,8438
"1099",1,0,3,1,18,135896
"1100",1,1,3,1,18,10051
"1101",0,0,4,1,18,111014
"1102",0,1,4,1,18,7825
"1103",1,0,4,1,18,162771
"1104",1,1,4,1,18,11946
"1105",0,0,1,2,18,120244
"1106",0,1,1,2,18,11178
"1107",1,0,1,2,18,124647
"1108",1,1,1,2,18,9272
"1109",0,0,2,2,18,173041
"1110",0,1,2,2,18,10258
"1111",1,0,2,2,18,144687
"1112",1,1,2,2,18,10575
"1113",0,0,3,2,18,89189
"1114",0,1,3,2,18,4937
"1115",1,0,3,2,18,119729
"1116",1,1,3,2,18,6965
"1117",0,0,4,2,18,30928
"1118",0,1,4,2,18,1412
"1119",1,0,4,2,18,56791
"1120",1,1,4,2,18,2813
"1121",0,0,1,3,18,88275
"1122",0,1,1,3,18,7711
"1123",1,0,1,3,18,116207
"1124",1,1,1,3,18,10176
"1125",0,0,2,3,18,111470
"1126",0,1,2,3,18,7794
"1127",1,0,2,3,18,96370
"1128",1,1,2,3,18,10624
"1129",0,0,3,3,18,49490
"1130",0,1,3,3,18,2669
"1131",1,0,3,3,18,55109
"1132",1,1,3,3,18,3616
"1133",0,0,4,3,18,17594
"1134",0,1,4,3,18,614
"1135",1,0,4,3,18,26910
"1136",1,1,4,3,18,1239
"1137",0,0,1,4,18,30361
"1138",0,1,1,4,18,975
"1139",1,0,1,4,18,39376
"1140",1,1,1,4,18,1479
"1141",0,0,2,4,18,92306
"1142",0,1,2,4,18,2700
"1143",1,0,2,4,18,64957
"1144",1,1,2,4,18,3280
"1145",0,0,3,4,18,47886
"1146",0,1,3,4,18,1133
"1147",1,0,3,4,18,33445
"1148",1,1,3,4,18,1206
"1149",0,0,4,4,18,15067
"1150",0,1,4,4,18,303
"1151",1,0,4,4,18,18719
"1152",1,1,4,4,18,870
"1153",0,0,1,1,19,62021
"1154",0,1,1,1,19,49382
"1155",1,0,1,1,19,52873
"1156",1,1,1,1,19,40391
"1157",0,0,2,1,19,82681
"1158",0,1,2,1,19,43491
"1159",1,0,2,1,19,43298
"1160",1,1,2,1,19,43045
"1161",0,0,3,1,19,74483
"1162",0,1,3,1,19,47382
"1163",1,0,3,1,19,81351
"1164",1,1,3,1,19,57468
"1165",0,0,4,1,19,71058
"1166",0,1,4,1,19,36586
"1167",1,0,4,1,19,107672
"1168",1,1,4,1,19,56712
"1169",0,0,1,2,19,94519
"1170",0,1,1,2,19,41048
"1171",1,0,1,2,19,108204
"1172",1,1,1,2,19,45253
"1173",0,0,2,2,19,144702
"1174",0,1,2,2,19,42464
"1175",1,0,2,2,19,114352
"1176",1,1,2,2,19,49756
"1177",0,0,3,2,19,84464
"1178",0,1,3,2,19,17847
"1179",1,0,3,2,19,116832
"1180",1,1,3,2,19,25738
"1181",0,0,4,2,19,32462
"1182",0,1,4,2,19,3276
"1183",1,0,4,2,19,61614
"1184",1,1,4,2,19,5974
"1185",0,0,1,3,19,83164
"1186",0,1,1,3,19,27737
"1187",1,0,1,3,19,103287
"1188",1,1,1,3,19,44856
"1189",0,0,2,3,19,117781
"1190",0,1,2,3,19,26748
"1191",1,0,2,3,19,82418
"1192",1,1,2,3,19,39740
"1193",0,0,3,3,19,55301
"1194",0,1,3,3,19,8144
"1195",1,0,3,3,19,56684
"1196",1,1,3,3,19,10904
"1197",0,0,4,3,19,18760
"1198",0,1,4,3,19,1252
"1199",1,0,4,3,19,27506
"1200",1,1,4,3,19,2321
"1201",0,0,1,4,19,31774
"1202",0,1,1,4,19,3881
"1203",1,0,1,4,19,41360
"1204",1,1,1,4,19,7370
"1205",0,0,2,4,19,108374
"1206",0,1,2,4,19,11860
"1207",1,0,2,4,19,68041
"1208",1,1,2,4,19,20565
"1209",0,0,3,4,19,59991
"1210",0,1,3,4,19,6150
"1211",1,0,3,4,19,39234
"1212",1,1,3,4,19,10696
"1213",0,0,4,4,19,19014
"1214",0,1,4,4,19,1486
"1215",1,0,4,4,19,18618
"1216",1,1,4,4,19,3122
"1217",0,0,1,1,20,19954
"1218",0,1,1,1,20,108
"1219",1,0,1,1,20,15595
"1220",1,1,1,1,20,39
"1221",0,0,2,1,20,19464
"1222",0,1,2,1,20,76
"1223",1,0,2,1,20,13887
"1224",1,1,2,1,20,42
"1225",0,0,3,1,20,30924
"1226",0,1,3,1,20,41
"1227",1,0,3,1,20,28503
"1228",1,1,3,1,20,58
"1229",0,0,4,1,20,29122
"1230",0,1,4,1,20,13
"1231",1,0,4,1,20,38773
"1232",1,1,4,1,20,33
"1233",0,0,1,2,20,44449
"1234",0,1,1,2,20,484
"1235",1,0,1,2,20,43111
"1236",1,1,1,2,20,200
"1237",0,0,2,2,20,67745
"1238",0,1,2,2,20,159
"1239",1,0,2,2,20,56668
"1240",1,1,2,2,20,98
"1241",0,0,3,2,20,39497
"1242",0,1,3,2,20,88
"1243",1,0,3,2,20,50194
"1244",1,1,3,2,20,90
"1245",0,0,4,2,20,18525
"1246",0,1,4,2,20,54
"1247",1,0,4,2,20,34040
"1248",1,1,4,2,20,27
"1249",0,0,1,3,20,33538
"1250",0,1,1,3,20,465
"1251",1,0,1,3,20,38373
"1252",1,1,1,3,20,321
"1253",0,0,2,3,20,51489
"1254",0,1,2,3,20,337
"1255",1,0,2,3,20,44556
"1256",1,1,2,3,20,120
"1257",0,0,3,3,20,19243
"1258",0,1,3,3,20,101
"1259",1,0,3,3,20,23207
"1260",1,1,3,3,20,29
"1261",0,0,4,3,20,8426
"1262",0,1,4,3,20,8
"1263",1,0,4,3,20,15868
"1264",1,1,4,3,20,4
"1265",0,0,1,4,20,10949
"1266",0,1,1,4,20,104
"1267",1,0,1,4,20,13402
"1268",1,1,1,4,20,64
"1269",0,0,2,4,20,43811
"1270",0,1,2,4,20,204
"1271",1,0,2,4,20,35738
"1272",1,1,2,4,20,92
"1273",0,0,3,4,20,22948
"1274",0,1,3,4,20,82
"1275",1,0,3,4,20,17138
"1276",1,1,3,4,20,42
"1277",0,0,4,4,20,8936
"1278",0,1,4,4,20,12
"1279",1,0,4,4,20,9317
"1280",1,1,4,4,20,2
"1281",0,0,1,1,21,55162
"1282",0,1,1,1,21,34843
"1283",1,0,1,1,21,44522
"1284",1,1,1,1,21,26668
"1285",0,0,2,1,21,64435
"1286",0,1,2,1,21,28998
"1287",1,0,2,1,21,36774
"1288",1,1,2,1,21,26874
"1289",0,0,3,1,21,75119
"1290",0,1,3,1,21,36671
"1291",1,0,3,1,21,80234
"1292",1,1,3,1,21,37545
"1293",0,0,4,1,21,71804
"1294",0,1,4,1,21,22172
"1295",1,0,4,1,21,114831
"1296",1,1,4,1,21,33180
"1297",0,0,1,2,21,107980
"1298",0,1,1,2,21,46541
"1299",1,0,1,2,21,111079
"1300",1,1,1,2,21,47848
"1301",0,0,2,2,21,150514
"1302",0,1,2,2,21,44736
"1303",1,0,2,2,21,116379
"1304",1,1,2,2,21,52843
"1305",0,0,3,2,21,86750
"1306",0,1,3,2,21,24543
"1307",1,0,3,2,21,130120
"1308",1,1,3,2,21,30100
"1309",0,0,4,2,21,37325
"1310",0,1,4,2,21,4440
"1311",1,0,4,2,21,82701
"1312",1,1,4,2,21,8649
"1313",0,0,1,3,21,111429
"1314",0,1,1,3,21,33296
"1315",1,0,1,3,21,137550
"1316",1,1,1,3,21,46595
"1317",0,0,2,3,21,158017
"1318",0,1,2,3,21,41868
"1319",1,0,2,3,21,120593
"1320",1,1,2,3,21,56917
"1321",0,0,3,3,21,67376
"1322",0,1,3,3,21,15281
"1323",1,0,3,3,21,82687
"1324",1,1,3,3,21,21995
"1325",0,0,4,3,21,25975
"1326",0,1,4,3,21,2008
"1327",1,0,4,3,21,38236
"1328",1,1,4,3,21,3639
"1329",0,0,1,4,21,70276
"1330",0,1,1,4,21,9576
"1331",1,0,1,4,21,90819
"1332",1,1,1,4,21,15663
"1333",0,0,2,4,21,219601
"1334",0,1,2,4,21,25148
"1335",1,0,2,4,21,143078
"1336",1,1,2,4,21,33638
"1337",0,0,3,4,21,127887
"1338",0,1,3,4,21,14468
"1339",1,0,3,4,21,77710
"1340",1,1,3,4,21,16064
"1341",0,0,4,4,21,38962
"1342",0,1,4,4,21,1984
"1343",1,0,4,4,21,27604
"1344",1,1,4,4,21,3170
"1345",0,0,1,1,22,89101
"1346",0,1,1,1,22,9188
"1347",1,0,1,1,22,68313
"1348",1,1,1,1,22,7924
"1349",0,0,2,1,22,90777
"1350",0,1,2,1,22,7906
"1351",1,0,2,1,22,68495
"1352",1,1,2,1,22,8188
"1353",0,0,3,1,22,115837
"1354",0,1,3,1,22,7280
"1355",1,0,3,1,22,116742
"1356",1,1,3,1,22,9315
"1357",0,0,4,1,22,122142
"1358",0,1,4,1,22,4128
"1359",1,0,4,1,22,194610
"1360",1,1,4,1,22,6847
"1361",0,0,1,2,22,182720
"1362",0,1,1,2,22,11233
"1363",1,0,1,2,22,160182
"1364",1,1,1,2,22,11654
"1365",0,0,2,2,22,218499
"1366",0,1,2,2,22,9406
"1367",1,0,2,2,22,183569
"1368",1,1,2,2,22,10067
"1369",0,0,3,2,22,140104
"1370",0,1,3,2,22,5685
"1371",1,0,3,2,22,211756
"1372",1,1,3,2,22,7282
"1373",0,0,4,2,22,90506
"1374",0,1,4,2,22,1851
"1375",1,0,4,2,22,189047
"1376",1,1,4,2,22,2768
"1377",0,0,1,3,22,188231
"1378",0,1,1,3,22,10344
"1379",1,0,1,3,22,221777
"1380",1,1,1,3,22,12905
"1381",0,0,2,3,22,220590
"1382",0,1,2,3,22,9994
"1383",1,0,2,3,22,209580
"1384",1,1,2,3,22,10634
"1385",0,0,3,3,22,104662
"1386",0,1,3,3,22,3521
"1387",1,0,3,3,22,122526
"1388",1,1,3,3,22,4745
"1389",0,0,4,3,22,43280
"1390",0,1,4,3,22,778
"1391",1,0,4,3,22,67957
"1392",1,1,4,3,22,1239
"1393",0,0,1,4,22,129635
"1394",0,1,1,4,22,3986
"1395",1,0,1,4,22,147298
"1396",1,1,1,4,22,4131
"1397",0,0,2,4,22,315725
"1398",0,1,2,4,22,7977
"1399",1,0,2,4,22,246986
"1400",1,1,2,4,22,7091
"1401",0,0,3,4,22,155871
"1402",0,1,3,4,22,3027
"1403",1,0,3,4,22,109633
"1404",1,1,3,4,22,3119
"1405",0,0,4,4,22,49123
"1406",0,1,4,4,22,559
"1407",1,0,4,4,22,44200
"1408",1,1,4,4,22,892
"1409",0,0,1,1,23,131740
"1410",0,1,1,1,23,45326
"1411",1,0,1,1,23,104862
"1412",1,1,1,1,23,36483
"1413",0,0,2,1,23,138751
"1414",0,1,2,1,23,32795
"1415",1,0,2,1,23,94909
"1416",1,1,2,1,23,32024
"1417",0,0,3,1,23,182038
"1418",0,1,3,1,23,39810
"1419",1,0,3,1,23,173379
"1420",1,1,3,1,23,42060
"1421",0,0,4,1,23,192197
"1422",0,1,4,1,23,33017
"1423",1,0,4,1,23,280134
"1424",1,1,4,1,23,45555
"1425",0,0,1,2,23,233933
"1426",0,1,1,2,23,36787
"1427",1,0,1,2,23,231083
"1428",1,1,1,2,23,40803
"1429",0,0,2,2,23,361210
"1430",0,1,2,2,23,39173
"1431",1,0,2,2,23,335630
"1432",1,1,2,2,23,46111
"1433",0,0,3,2,23,227496
"1434",0,1,3,2,23,24517
"1435",1,0,3,2,23,333225
"1436",1,1,3,2,23,31839
"1437",0,0,4,2,23,105057
"1438",0,1,4,2,23,6451
"1439",1,0,4,2,23,193319
"1440",1,1,4,2,23,12454
"1441",0,0,1,3,23,280055
"1442",0,1,1,3,23,32478
"1443",1,0,1,3,23,311267
"1444",1,1,1,3,23,53342
"1445",0,0,2,3,23,412108
"1446",0,1,2,3,23,46263
"1447",1,0,2,3,23,336186
"1448",1,1,2,3,23,63998
"1449",0,0,3,3,23,181427
"1450",0,1,3,3,23,17766
"1451",1,0,3,3,23,176898
"1452",1,1,3,3,23,25740
"1453",0,0,4,3,23,57363
"1454",0,1,4,3,23,3739
"1455",1,0,4,3,23,76419
"1456",1,1,4,3,23,6419
"1457",0,0,1,4,23,102246
"1458",0,1,1,4,23,5532
"1459",1,0,1,4,23,100475
"1460",1,1,1,4,23,8000
"1461",0,0,2,4,23,290129
"1462",0,1,2,4,23,16035
"1463",1,0,2,4,23,202106
"1464",1,1,2,4,23,22575
"1465",0,0,3,4,23,161280
"1466",0,1,3,4,23,8627
"1467",1,0,3,4,23,107209
"1468",1,1,3,4,23,10723
"1469",0,0,4,4,23,45957
"1470",0,1,4,4,23,1759
"1471",1,0,4,4,23,44508
"1472",1,1,4,4,23,2670
"1473",0,0,1,1,24,52622
"1474",0,1,1,1,24,2952
"1475",1,0,1,1,24,41332
"1476",1,1,1,1,24,2714
"1477",0,0,2,1,24,44050
"1478",0,1,2,1,24,2211
"1479",1,0,2,1,24,28734
"1480",1,1,2,1,24,1550
"1481",0,0,3,1,24,73810
"1482",0,1,3,1,24,1701
"1483",1,0,3,1,24,61435
"1484",1,1,3,1,24,1684
"1485",0,0,4,1,24,112116
"1486",0,1,4,1,24,755
"1487",1,0,4,1,24,141242
"1488",1,1,4,1,24,1120
"1489",0,0,1,2,24,119523
"1490",0,1,1,2,24,3366
"1491",1,0,1,2,24,111668
"1492",1,1,1,2,24,3712
"1493",0,0,2,2,24,205427
"1494",0,1,2,2,24,3483
"1495",1,0,2,2,24,170274
"1496",1,1,2,2,24,2975
"1497",0,0,3,2,24,127561
"1498",0,1,3,2,24,1371
"1499",1,0,3,2,24,169232
"1500",1,1,3,2,24,1317
"1501",0,0,4,2,24,53527
"1502",0,1,4,2,24,286
"1503",1,0,4,2,24,101805
"1504",1,1,4,2,24,624
"1505",0,0,1,3,24,158731
"1506",0,1,1,3,24,3818
"1507",1,0,1,3,24,175586
"1508",1,1,1,3,24,3857
"1509",0,0,2,3,24,211430
"1510",0,1,2,3,24,3842
"1511",1,0,2,3,24,185927
"1512",1,1,2,3,24,3510
"1513",0,0,3,3,24,81012
"1514",0,1,3,3,24,1080
"1515",1,0,3,3,24,93737
"1516",1,1,3,3,24,1230
"1517",0,0,4,3,24,29829
"1518",0,1,4,3,24,221
"1519",1,0,4,3,24,54707
"1520",1,1,4,3,24,263
"1521",0,0,1,4,24,63936
"1522",0,1,1,4,24,981
"1523",1,0,1,4,24,68866
"1524",1,1,1,4,24,1020
"1525",0,0,2,4,24,189663
"1526",0,1,2,4,24,3040
"1527",1,0,2,4,24,138362
"1528",1,1,2,4,24,1732
"1529",0,0,3,4,24,91885
"1530",0,1,3,4,24,1021
"1531",1,0,3,4,24,63927
"1532",1,1,3,4,24,585
"1533",0,0,4,4,24,24049
"1534",0,1,4,4,24,137
"1535",1,0,4,4,24,25782
"1536",1,1,4,4,24,99
"1537",0,0,1,1,25,35459
"1538",0,1,1,1,25,32056
"1539",1,0,1,1,25,30644
"1540",1,1,1,1,25,28677
"1541",0,0,2,1,25,50520
"1542",0,1,2,1,25,32904
"1543",1,0,2,1,25,24815
"1544",1,1,2,1,25,33813
"1545",0,0,3,1,25,49075
"1546",0,1,3,1,25,34248
"1547",1,0,3,1,25,52421
"1548",1,1,3,1,25,42714
"1549",0,0,4,1,25,46630
"1550",0,1,4,1,25,31478
"1551",1,0,4,1,25,68706
"1552",1,1,4,1,25,47475
"1553",0,0,1,2,25,45517
"1554",0,1,1,2,25,27631
"1555",1,0,1,2,25,50087
"1556",1,1,1,2,25,30543
"1557",0,0,2,2,25,69640
"1558",0,1,2,2,25,24276
"1559",1,0,2,2,25,52144
"1560",1,1,2,2,25,28211
"1561",0,0,3,2,25,47711
"1562",0,1,3,2,25,7616
"1563",1,0,3,2,25,65604
"1564",1,1,3,2,25,12928
"1565",0,0,4,2,25,19573
"1566",0,1,4,2,25,1797
"1567",1,0,4,2,25,39520
"1568",1,1,4,2,25,3801
"1569",0,0,1,3,25,53386
"1570",0,1,1,3,25,21694
"1571",1,0,1,3,25,67231
"1572",1,1,1,3,25,35329
"1573",0,0,2,3,25,71781
"1574",0,1,2,3,25,17354
"1575",1,0,2,3,25,52012
"1576",1,1,2,3,25,25691
"1577",0,0,3,3,25,36811
"1578",0,1,3,3,25,4236
"1579",1,0,3,3,25,38334
"1580",1,1,3,3,25,6326
"1581",0,0,4,3,25,12467
"1582",0,1,4,3,25,894
"1583",1,0,4,3,25,19684
"1584",1,1,4,3,25,1865
"1585",0,0,1,4,25,18314
"1586",0,1,1,4,25,2990
"1587",1,0,1,4,25,22049
"1588",1,1,1,4,25,5843
"1589",0,0,2,4,25,53312
"1590",0,1,2,4,25,7667
"1591",1,0,2,4,25,35726
"1592",1,1,2,4,25,13524
"1593",0,0,3,4,25,33043
"1594",0,1,3,4,25,4421
"1595",1,0,3,4,25,21533
"1596",1,1,3,4,25,5780
"1597",0,0,4,4,25,11343
"1598",0,1,4,4,25,1024
"1599",1,0,4,4,25,12427
"1600",1,1,4,4,25,2561
"1601",0,0,1,1,26,77474
"1602",0,1,1,1,26,17134
"1603",1,0,1,1,26,63995
"1604",1,1,1,1,26,14592
"1605",0,0,2,1,26,80955
"1606",0,1,2,1,26,12702
"1607",1,0,2,1,26,62448
"1608",1,1,2,1,26,13107
"1609",0,0,3,1,26,112066
"1610",0,1,3,1,26,15766
"1611",1,0,3,1,26,119511
"1612",1,1,3,1,26,19163
"1613",0,0,4,1,26,134705
"1614",0,1,4,1,26,13550
"1615",1,0,4,1,26,208531
"1616",1,1,4,1,26,21442
"1617",0,0,1,2,26,137796
"1618",0,1,1,2,26,18013
"1619",1,0,1,2,26,128588
"1620",1,1,1,2,26,19742
"1621",0,0,2,2,26,213681
"1622",0,1,2,2,26,17196
"1623",1,0,2,2,26,185182
"1624",1,1,2,2,26,21202
"1625",0,0,3,2,26,145002
"1626",0,1,3,2,26,10472
"1627",1,0,3,2,26,194883
"1628",1,1,3,2,26,13616
"1629",0,0,4,2,26,64776
"1630",0,1,4,2,26,2956
"1631",1,0,4,2,26,117432
"1632",1,1,4,2,26,5821
"1633",0,0,1,3,26,134546
"1634",0,1,1,3,26,14371
"1635",1,0,1,3,26,151379
"1636",1,1,1,3,26,19677
"1637",0,0,2,3,26,184396
"1638",0,1,2,3,26,17606
"1639",1,0,2,3,26,160051
"1640",1,1,2,3,26,23190
"1641",0,0,3,3,26,85786
"1642",0,1,3,3,26,7231
"1643",1,0,3,3,26,93210
"1644",1,1,3,3,26,10188
"1645",0,0,4,3,26,35159
"1646",0,1,4,3,26,1713
"1647",1,0,4,3,26,50867
"1648",1,1,4,3,26,2572
"1649",0,0,1,4,26,59091
"1650",0,1,1,4,26,2652
"1651",1,0,1,4,26,62987
"1652",1,1,1,4,26,4254
"1653",0,0,2,4,26,171770
"1654",0,1,2,4,26,7731
"1655",1,0,2,4,26,121723
"1656",1,1,2,4,26,10225
"1657",0,0,3,4,26,89696
"1658",0,1,3,4,26,3891
"1659",1,0,3,4,26,57289
"1660",1,1,3,4,26,4931
"1661",0,0,4,4,26,27606
"1662",0,1,4,4,26,802
"1663",1,0,4,4,26,28463
"1664",1,1,4,4,26,1456
"1665",0,0,1,1,27,11392
"1666",0,1,1,1,27,34
"1667",1,0,1,1,27,9918
"1668",1,1,1,1,27,43
"1669",0,0,2,1,27,10685
"1670",0,1,2,1,27,35
"1671",1,0,2,1,27,8062
"1672",1,1,2,1,27,10
"1673",0,0,3,1,27,15394
"1674",0,1,3,1,27,29
"1675",1,0,3,1,27,14420
"1676",1,1,3,1,27,22
"1677",0,0,4,1,27,20913
"1678",0,1,4,1,27,39
"1679",1,0,4,1,27,22198
"1680",1,1,4,1,27,36
"1681",0,0,1,2,27,20834
"1682",0,1,1,2,27,86
"1683",1,0,1,2,27,20147
"1684",1,1,1,2,27,43
"1685",0,0,2,2,27,38661
"1686",0,1,2,2,27,70
"1687",1,0,2,2,27,31343
"1688",1,1,2,2,27,25
"1689",0,0,3,2,27,25561
"1690",0,1,3,2,27,51
"1691",1,0,3,2,27,29672
"1692",1,1,3,2,27,19
"1693",0,0,4,2,27,12500
"1694",0,1,4,2,27,10
"1695",1,0,4,2,27,19761
"1696",1,1,4,2,27,5
"1697",0,0,1,3,27,23181
"1698",0,1,1,3,27,197
"1699",1,0,1,3,27,24437
"1700",1,1,1,3,27,78
"1701",0,0,2,3,27,38292
"1702",0,1,2,3,27,129
"1703",1,0,2,3,27,34694
"1704",1,1,2,3,27,84
"1705",0,0,3,3,27,16310
"1706",0,1,3,3,27,49
"1707",1,0,3,3,27,19467
"1708",1,1,3,3,27,20
"1709",0,0,4,3,27,6950
"1710",0,1,4,3,27,0
"1711",1,0,4,3,27,12524
"1712",1,1,4,3,27,7
"1713",0,0,1,4,27,6269
"1714",0,1,1,4,27,53
"1715",1,0,1,4,27,6572
"1716",1,1,1,4,27,34
"1717",0,0,2,4,27,31230
"1718",0,1,2,4,27,37
"1719",1,0,2,4,27,24142
"1720",1,1,2,4,27,49
"1721",0,0,3,4,27,16835
"1722",0,1,3,4,27,14
"1723",1,0,3,4,27,11574
"1724",1,1,3,4,27,15
"1725",0,0,4,4,27,5594
"1726",0,1,4,4,27,0
"1727",1,0,4,4,27,5882
"1728",1,1,4,4,27,0
"1729",0,0,1,1,28,18212
"1730",0,1,1,1,28,1459
"1731",1,0,1,1,28,14822
"1732",1,1,1,1,28,1112
"1733",0,0,2,1,28,16136
"1734",0,1,2,1,28,848
"1735",1,0,2,1,28,11479
"1736",1,1,2,1,28,899
"1737",0,0,3,1,28,25433
"1738",0,1,3,1,28,1428
"1739",1,0,3,1,28,22223
"1740",1,1,3,1,28,1433
"1741",0,0,4,1,28,40839
"1742",0,1,4,1,28,910
"1743",1,0,4,1,28,51008
"1744",1,1,4,1,28,1530
"1745",0,0,1,2,28,40105
"1746",0,1,1,2,28,2128
"1747",1,0,1,2,28,37011
"1748",1,1,1,2,28,2209
"1749",0,0,2,2,28,67522
"1750",0,1,2,2,28,1522
"1751",1,0,2,2,28,57603
"1752",1,1,2,2,28,2139
"1753",0,0,3,2,28,52824
"1754",0,1,3,2,28,1096
"1755",1,0,3,2,28,62447
"1756",1,1,3,2,28,1369
"1757",0,0,4,2,28,27545
"1758",0,1,4,2,28,304
"1759",1,0,4,2,28,46053
"1760",1,1,4,2,28,369
"1761",0,0,1,3,28,55970
"1762",0,1,1,3,28,2004
"1763",1,0,1,3,28,60854
"1764",1,1,1,3,28,2348
"1765",0,0,2,3,28,74393
"1766",0,1,2,3,28,2495
"1767",1,0,2,3,28,64479
"1768",1,1,2,3,28,2512
"1769",0,0,3,3,28,28506
"1770",0,1,3,3,28,834
"1771",1,0,3,3,28,37258
"1772",1,1,3,3,28,930
"1773",0,0,4,3,28,11182
"1774",0,1,4,3,28,116
"1775",1,0,4,3,28,23516
"1776",1,1,4,3,28,295
"1777",0,0,1,4,28,18310
"1778",0,1,1,4,28,477
"1779",1,0,1,4,28,20171
"1780",1,1,1,4,28,541
"1781",0,0,2,4,28,59181
"1782",0,1,2,4,28,1027
"1783",1,0,2,4,28,41945
"1784",1,1,2,4,28,864
"1785",0,0,3,4,28,27637
"1786",0,1,3,4,28,389
"1787",1,0,3,4,28,19384
"1788",1,1,3,4,28,397
"1789",0,0,4,4,28,8371
"1790",0,1,4,4,28,91
"1791",1,0,4,4,28,10814
"1792",1,1,4,4,28,123
"1793",0,0,1,1,29,27825
"1794",0,1,1,1,29,2606
"1795",1,0,1,1,29,22215
"1796",1,1,1,1,29,1775
"1797",0,0,2,1,29,26002
"1798",0,1,2,1,29,1916
"1799",1,0,2,1,29,19080
"1800",1,1,2,1,29,1940
"1801",0,0,3,1,29,23684
"1802",0,1,3,1,29,2303
"1803",1,0,3,1,29,26493
"1804",1,1,3,1,29,2306
"1805",0,0,4,1,29,20362
"1806",0,1,4,1,29,1051
"1807",1,0,4,1,29,25401
"1808",1,1,4,1,29,1284
"1809",0,0,1,2,29,37913
"1810",0,1,1,2,29,3462
"1811",1,0,1,2,29,33423
"1812",1,1,1,2,29,2951
"1813",0,0,2,2,29,51684
"1814",0,1,2,2,29,3080
"1815",1,0,2,2,29,43839
"1816",1,1,2,2,29,3439
"1817",0,0,3,2,29,35526
"1818",0,1,3,2,29,1479
"1819",1,0,3,2,29,41722
"1820",1,1,3,2,29,1864
"1821",0,0,4,2,29,16039
"1822",0,1,4,2,29,315
"1823",1,0,4,2,29,23748
"1824",1,1,4,2,29,373
"1825",0,0,1,3,29,35703
"1826",0,1,1,3,29,2923
"1827",1,0,1,3,29,36490
"1828",1,1,1,3,29,2901
"1829",0,0,2,3,29,66744
"1830",0,1,2,3,29,3581
"1831",1,0,2,3,29,52983
"1832",1,1,2,3,29,3079
"1833",0,0,3,3,29,37358
"1834",0,1,3,3,29,1786
"1835",1,0,3,3,29,32809
"1836",1,1,3,3,29,1283
"1837",0,0,4,3,29,12799
"1838",0,1,4,3,29,234
"1839",1,0,4,3,29,12667
"1840",1,1,4,3,29,298
"1841",0,0,1,4,29,9197
"1842",0,1,1,4,29,349
"1843",1,0,1,4,29,8646
"1844",1,1,1,4,29,548
"1845",0,0,2,4,29,36579
"1846",0,1,2,4,29,914
"1847",1,0,2,4,29,23154
"1848",1,1,2,4,29,988
"1849",0,0,3,4,29,23606
"1850",0,1,3,4,29,525
"1851",1,0,3,4,29,13254
"1852",1,1,3,4,29,516
"1853",0,0,4,4,29,7393
"1854",0,1,4,4,29,97
"1855",1,0,4,4,29,5004
"1856",1,1,4,4,29,136
"1857",0,0,1,1,30,18858
"1858",0,1,1,1,30,122
"1859",1,0,1,1,30,14331
"1860",1,1,1,1,30,90
"1861",0,0,2,1,30,17695
"1862",0,1,2,1,30,77
"1863",1,0,2,1,30,12173
"1864",1,1,2,1,30,89
"1865",0,0,3,1,30,21330
"1866",0,1,3,1,30,77
"1867",1,0,3,1,30,19796
"1868",1,1,3,1,30,107
"1869",0,0,4,1,30,19921
"1870",0,1,4,1,30,31
"1871",1,0,4,1,30,28853
"1872",1,1,4,1,30,47
"1873",0,0,1,2,30,36147
"1874",0,1,1,2,30,436
"1875",1,0,1,2,30,35547
"1876",1,1,1,2,30,286
"1877",0,0,2,2,30,51170
"1878",0,1,2,2,30,197
"1879",1,0,2,2,30,45118
"1880",1,1,2,2,30,131
"1881",0,0,3,2,30,28185
"1882",0,1,3,2,30,128
"1883",1,0,3,2,30,40072
"1884",1,1,3,2,30,109
"1885",0,0,4,2,30,13649
"1886",0,1,4,2,30,22
"1887",1,0,4,2,30,25234
"1888",1,1,4,2,30,22
"1889",0,0,1,3,30,34219
"1890",0,1,1,3,30,594
"1891",1,0,1,3,30,39204
"1892",1,1,1,3,30,391
"1893",0,0,2,3,30,52921
"1894",0,1,2,3,30,315
"1895",1,0,2,3,30,46091
"1896",1,1,2,3,30,293
"1897",0,0,3,3,30,22547
"1898",0,1,3,3,30,125
"1899",1,0,3,3,30,23274
"1900",1,1,3,3,30,68
"1901",0,0,4,3,30,7661
"1902",0,1,4,3,30,28
"1903",1,0,4,3,30,12318
"1904",1,1,4,3,30,10
"1905",0,0,1,4,30,15838
"1906",0,1,1,4,30,167
"1907",1,0,1,4,30,17870
"1908",1,1,1,4,30,84
"1909",0,0,2,4,30,56407
"1910",0,1,2,4,30,296
"1911",1,0,2,4,30,40930
"1912",1,1,2,4,30,255
"1913",0,0,3,4,30,25944
"1914",0,1,3,4,30,86
"1915",1,0,3,4,30,17530
"1916",1,1,3,4,30,68
"1917",0,0,4,4,30,8610
"1918",0,1,4,4,30,0
"1919",1,0,4,4,30,8558
"1920",1,1,4,4,30,20
"1921",0,0,1,1,31,103345
"1922",0,1,1,1,31,36250
"1923",1,0,1,1,31,76606
"1924",1,1,1,1,31,27353
"1925",0,0,2,1,31,120915
"1926",0,1,2,1,31,27031
"1927",1,0,2,1,31,87314
"1928",1,1,2,1,31,26662
"1929",0,0,3,1,31,151964
"1930",0,1,3,1,31,34621
"1931",1,0,3,1,31,162545
"1932",1,1,3,1,31,37475
"1933",0,0,4,1,31,168498
"1934",0,1,4,1,31,19493
"1935",1,0,4,1,31,278694
"1936",1,1,4,1,31,31788
"1937",0,0,1,2,31,197223
"1938",0,1,1,2,31,40653
"1939",1,0,1,2,31,184853
"1940",1,1,1,2,31,39362
"1941",0,0,2,2,31,270461
"1942",0,1,2,2,31,35386
"1943",1,0,2,2,31,260220
"1944",1,1,2,2,31,42275
"1945",0,0,3,2,31,188765
"1946",0,1,3,2,31,23589
"1947",1,0,3,2,31,293007
"1948",1,1,3,2,31,33690
"1949",0,0,4,2,31,98961
"1950",0,1,4,2,31,5742
"1951",1,0,4,2,31,196298
"1952",1,1,4,2,31,10646
"1953",0,0,1,3,31,182665
"1954",0,1,1,3,31,28036
"1955",1,0,1,3,31,201043
"1956",1,1,1,3,31,38030
"1957",0,0,2,3,31,251579
"1958",0,1,2,3,31,29549
"1959",1,0,2,3,31,219422
"1960",1,1,2,3,31,38965
"1961",0,0,3,3,31,123562
"1962",0,1,3,3,31,13338
"1963",1,0,3,3,31,130772
"1964",1,1,3,3,31,18782
"1965",0,0,4,3,31,50176
"1966",0,1,4,3,31,2476
"1967",1,0,4,3,31,58009
"1968",1,1,4,3,31,3632
"1969",0,0,1,4,31,125595
"1970",0,1,1,4,31,7929
"1971",1,0,1,4,31,131715
"1972",1,1,1,4,31,11557
"1973",0,0,2,4,31,382350
"1974",0,1,2,4,31,19979
"1975",1,0,2,4,31,270719
"1976",1,1,2,4,31,22824
"1977",0,0,3,4,31,207058
"1978",0,1,3,4,31,9468
"1979",1,0,3,4,31,129186
"1980",1,1,3,4,31,11750
"1981",0,0,4,4,31,60298
"1982",0,1,4,4,31,1346
"1983",1,0,4,4,31,41678
"1984",1,1,4,4,31,2492
"1985",0,0,1,1,32,33339
"1986",0,1,1,1,32,523
"1987",1,0,1,1,32,28215
"1988",1,1,1,1,32,506
"1989",0,0,2,1,32,34271
"1990",0,1,2,1,32,495
"1991",1,0,2,1,32,28863
"1992",1,1,2,1,32,527
"1993",0,0,3,1,32,34329
"1994",0,1,3,1,32,703
"1995",1,0,3,1,32,40457
"1996",1,1,3,1,32,716
"1997",0,0,4,1,32,30862
"1998",0,1,4,1,32,522
"1999",1,0,4,1,32,40600
"2000",1,1,4,1,32,828
"2001",0,0,1,2,32,45952
"2002",0,1,1,2,32,1152
"2003",1,0,1,2,32,44827
"2004",1,1,1,2,32,965
"2005",0,0,2,2,32,60732
"2006",0,1,2,2,32,1048
"2007",1,0,2,2,32,54351
"2008",1,1,2,2,32,769
"2009",0,0,3,2,32,31914
"2010",0,1,3,2,32,507
"2011",1,0,3,2,32,43425
"2012",1,1,3,2,32,493
"2013",0,0,4,2,32,15249
"2014",0,1,4,2,32,167
"2015",1,0,4,2,32,24704
"2016",1,1,4,2,32,209
"2017",0,0,1,3,32,43077
"2018",0,1,1,3,32,1475
"2019",1,0,1,3,32,46298
"2020",1,1,1,3,32,1067
"2021",0,0,2,3,32,63719
"2022",0,1,2,3,32,1800
"2023",1,0,2,3,32,57274
"2024",1,1,2,3,32,1354
"2025",0,0,3,3,32,28464
"2026",0,1,3,3,32,672
"2027",1,0,3,3,32,30557
"2028",1,1,3,3,32,371
"2029",0,0,4,3,32,11104
"2030",0,1,4,3,32,88
"2031",1,0,4,3,32,15287
"2032",1,1,4,3,32,160
"2033",0,0,1,4,32,12250
"2034",0,1,1,4,32,244
"2035",1,0,1,4,32,12686
"2036",1,1,1,4,32,166
"2037",0,0,2,4,32,54878
"2038",0,1,2,4,32,801
"2039",1,0,2,4,32,40633
"2040",1,1,2,4,32,470
"2041",0,0,3,4,32,33722
"2042",0,1,3,4,32,353
"2043",1,0,3,4,32,23571
"2044",1,1,3,4,32,266
"2045",0,0,4,4,32,12013
"2046",0,1,4,4,32,45
"2047",1,0,4,4,32,10585
"2048",1,1,4,4,32,95
"2049",0,0,1,1,33,262763
"2050",0,1,1,1,33,102800
"2051",1,0,1,1,33,203070
"2052",1,1,1,1,33,83293
"2053",0,0,2,1,33,318237
"2054",0,1,2,1,33,85145
"2055",1,0,2,1,33,238778
"2056",1,1,2,1,33,90517
"2057",0,0,3,1,33,367236
"2058",0,1,3,1,33,93895
"2059",1,0,3,1,33,399010
"2060",1,1,3,1,33,114318
"2061",0,0,4,1,33,365057
"2062",0,1,4,1,33,48686
"2063",1,0,4,1,33,596423
"2064",1,1,4,1,33,92967
"2065",0,0,1,2,33,410164
"2066",0,1,1,2,33,91970
"2067",1,0,1,2,33,388387
"2068",1,1,1,2,33,92580
"2069",0,0,2,2,33,577919
"2070",0,1,2,2,33,83039
"2071",1,0,2,2,33,536933
"2072",1,1,2,2,33,104891
"2073",0,0,3,2,33,404193
"2074",0,1,3,2,33,66112
"2075",1,0,3,2,33,600723
"2076",1,1,3,2,33,93376
"2077",0,0,4,2,33,223926
"2078",0,1,4,2,33,17689
"2079",1,0,4,2,33,437490
"2080",1,1,4,2,33,34773
"2081",0,0,1,3,33,482150
"2082",0,1,1,3,33,78175
"2083",1,0,1,3,33,523573
"2084",1,1,1,3,33,107761
"2085",0,0,2,3,33,620379
"2086",0,1,2,3,33,86402
"2087",1,0,2,3,33,516969
"2088",1,1,2,3,33,112307
"2089",0,0,3,3,33,286719
"2090",0,1,3,3,33,38920
"2091",1,0,3,3,33,299223
"2092",1,1,3,3,33,56368
"2093",0,0,4,3,33,114194
"2094",0,1,4,3,33,8142
"2095",1,0,4,3,33,145546
"2096",1,1,4,3,33,12650
"2097",0,0,1,4,33,280780
"2098",0,1,1,4,33,19746
"2099",1,0,1,4,33,310582
"2100",1,1,1,4,33,31852
"2101",0,0,2,4,33,752086
"2102",0,1,2,4,33,44218
"2103",1,0,2,4,33,552402
"2104",1,1,2,4,33,58801
"2105",0,0,3,4,33,402624
"2106",0,1,3,4,33,25634
"2107",1,0,3,4,33,303462
"2108",1,1,3,4,33,35309
"2109",0,0,4,4,33,132798
"2110",0,1,4,4,33,4659
"2111",1,0,4,4,33,119055
"2112",1,1,4,4,33,7838
"2113",0,0,1,1,34,110331
"2114",0,1,1,1,34,43295
"2115",1,0,1,1,34,89250
"2116",1,1,1,1,34,37013
"2117",0,0,2,1,34,140323
"2118",0,1,2,1,34,45051
"2119",1,0,2,1,34,76504
"2120",1,1,2,1,34,44326
"2121",0,0,3,1,34,164480
"2122",0,1,3,1,34,54672
"2123",1,0,3,1,34,161386
"2124",1,1,3,1,34,62654
"2125",0,0,4,1,34,137262
"2126",0,1,4,1,34,41676
"2127",1,0,4,1,34,207623
"2128",1,1,4,1,34,67599
"2129",0,0,1,2,34,186094
"2130",0,1,1,2,34,61549
"2131",1,0,1,2,34,163849
"2132",1,1,1,2,34,57362
"2133",0,0,2,2,34,223890
"2134",0,1,2,2,34,55800
"2135",1,0,2,2,34,177131
"2136",1,1,2,2,34,62420
"2137",0,0,3,2,34,139613
"2138",0,1,3,2,34,22011
"2139",1,0,3,2,34,199038
"2140",1,1,3,2,34,32656
"2141",0,0,4,2,34,51775
"2142",0,1,4,2,34,4465
"2143",1,0,4,2,34,102173
"2144",1,1,4,2,34,10007
"2145",0,0,1,3,34,170375
"2146",0,1,1,3,34,37398
"2147",1,0,1,3,34,207400
"2148",1,1,1,3,34,56232
"2149",0,0,2,3,34,230604
"2150",0,1,2,3,34,38681
"2151",1,0,2,3,34,178398
"2152",1,1,2,3,34,51445
"2153",0,0,3,3,34,108310
"2154",0,1,3,3,34,13202
"2155",1,0,3,3,34,122513
"2156",1,1,3,3,34,17094
"2157",0,0,4,3,34,35591
"2158",0,1,4,3,34,2089
"2159",1,0,4,3,34,57258
"2160",1,1,4,3,34,4042
"2161",0,0,1,4,34,70394
"2162",0,1,1,4,34,7221
"2163",1,0,1,4,34,89843
"2164",1,1,1,4,34,12076
"2165",0,0,2,4,34,199642
"2166",0,1,2,4,34,16011
"2167",1,0,2,4,34,133848
"2168",1,1,2,4,34,23899
"2169",0,0,3,4,34,103078
"2170",0,1,3,4,34,7210
"2171",1,0,3,4,34,72330
"2172",1,1,3,4,34,10684
"2173",0,0,4,4,34,36561
"2174",0,1,4,4,34,2058
"2175",1,0,4,4,34,36919
"2176",1,1,4,4,34,4959
"2177",0,0,1,1,35,7203
"2178",0,1,1,1,35,4
"2179",1,0,1,1,35,5975
"2180",1,1,1,1,35,48
"2181",0,0,2,1,35,7200
"2182",0,1,2,1,35,8
"2183",1,0,2,1,35,4508
"2184",1,1,2,1,35,5
"2185",0,0,3,1,35,16107
"2186",0,1,3,1,35,7
"2187",1,0,3,1,35,12234
"2188",1,1,3,1,35,12
"2189",0,0,4,1,35,24216
"2190",0,1,4,1,35,5
"2191",1,0,4,1,35,25929
"2192",1,1,4,1,35,14
"2193",0,0,1,2,35,16363
"2194",0,1,1,2,35,300
"2195",1,0,1,2,35,14469
"2196",1,1,1,2,35,151
"2197",0,0,2,2,35,25943
"2198",0,1,2,2,35,145
"2199",1,0,2,2,35,20150
"2200",1,1,2,2,35,48
"2201",0,0,3,2,35,16080
"2202",0,1,3,2,35,26
"2203",1,0,3,2,35,20617
"2204",1,1,3,2,35,2
"2205",0,0,4,2,35,7091
"2206",0,1,4,2,35,0
"2207",1,0,4,2,35,11560
"2208",1,1,4,2,35,6
"2209",0,0,1,3,35,28904
"2210",0,1,1,3,35,434
"2211",1,0,1,3,35,27261
"2212",1,1,1,3,35,230
"2213",0,0,2,3,35,34077
"2214",0,1,2,3,35,246
"2215",1,0,2,3,35,28901
"2216",1,1,2,3,35,116
"2217",0,0,3,3,35,11569
"2218",0,1,3,3,35,16
"2219",1,0,3,3,35,15574
"2220",1,1,3,3,35,14
"2221",0,0,4,3,35,4589
"2222",0,1,4,3,35,0
"2223",1,0,4,3,35,10853
"2224",1,1,4,3,35,0
"2225",0,0,1,4,35,7138
"2226",0,1,1,4,35,123
"2227",1,0,1,4,35,8318
"2228",1,1,1,4,35,40
"2229",0,0,2,4,35,23443
"2230",0,1,2,4,35,85
"2231",1,0,2,4,35,17080
"2232",1,1,2,4,35,42
"2233",0,0,3,4,35,10128
"2234",0,1,3,4,35,4
"2235",1,0,3,4,35,7242
"2236",1,1,3,4,35,7
"2237",0,0,4,4,35,2847
"2238",0,1,4,4,35,0
"2239",1,0,4,4,35,3866
"2240",1,1,4,4,35,13
"2241",0,0,1,1,36,163518
"2242",0,1,1,1,36,34607
"2243",1,0,1,1,36,139979
"2244",1,1,1,1,36,29365
"2245",0,0,2,1,36,177337
"2246",0,1,2,1,36,26019
"2247",1,0,2,1,36,135677
"2248",1,1,2,1,36,27815
"2249",0,0,3,1,36,243465
"2250",0,1,3,1,36,39066
"2251",1,0,3,1,36,249597
"2252",1,1,3,1,36,44717
"2253",0,0,4,1,36,231438
"2254",0,1,4,1,36,29695
"2255",1,0,4,1,36,351723
"2256",1,1,4,1,36,43505
"2257",0,0,1,2,36,311259
"2258",0,1,1,2,36,35388
"2259",1,0,1,2,36,314712
"2260",1,1,1,2,36,39692
"2261",0,0,2,2,36,504162
"2262",0,1,2,2,36,39108
"2263",1,0,2,2,36,451261
"2264",1,1,2,2,36,45171
"2265",0,0,3,2,36,314279
"2266",0,1,3,2,36,26119
"2267",1,0,3,2,36,434028
"2268",1,1,3,2,36,34465
"2269",0,0,4,2,36,149196
"2270",0,1,4,2,36,6954
"2271",1,0,4,2,36,282639
"2272",1,1,4,2,36,13012
"2273",0,0,1,3,36,281438
"2274",0,1,1,3,36,27627
"2275",1,0,1,3,36,313848
"2276",1,1,1,3,36,42575
"2277",0,0,2,3,36,390700
"2278",0,1,2,3,36,37489
"2279",1,0,2,3,36,333459
"2280",1,1,2,3,36,52956
"2281",0,0,3,3,36,171265
"2282",0,1,3,3,36,15198
"2283",1,0,3,3,36,178288
"2284",1,1,3,3,36,21432
"2285",0,0,4,3,36,68844
"2286",0,1,4,3,36,3595
"2287",1,0,4,3,36,95439
"2288",1,1,4,3,36,5213
"2289",0,0,1,4,36,117638
"2290",0,1,1,4,36,5694
"2291",1,0,1,4,36,121915
"2292",1,1,1,4,36,7355
"2293",0,0,2,4,36,346784
"2294",0,1,2,4,36,13910
"2295",1,0,2,4,36,237116
"2296",1,1,2,4,36,16409
"2297",0,0,3,4,36,182859
"2298",0,1,3,4,36,7237
"2299",1,0,3,4,36,123891
"2300",1,1,3,4,36,8192
"2301",0,0,4,4,36,62420
"2302",0,1,4,4,36,1930
"2303",1,0,4,4,36,57650
"2304",1,1,4,4,36,2821
"2305",0,0,1,1,37,53756
"2306",0,1,1,1,37,5573
"2307",1,0,1,1,37,50410
"2308",1,1,1,1,37,4882
"2309",0,0,2,1,37,57877
"2310",0,1,2,1,37,4420
"2311",1,0,2,1,37,42361
"2312",1,1,2,1,37,3962
"2313",0,0,3,1,37,67405
"2314",0,1,3,1,37,4845
"2315",1,0,3,1,37,75965
"2316",1,1,3,1,37,6424
"2317",0,0,4,1,37,80214
"2318",0,1,4,1,37,5305
"2319",1,0,4,1,37,116804
"2320",1,1,4,1,37,8387
"2321",0,0,1,2,37,84197
"2322",0,1,1,2,37,9871
"2323",1,0,1,2,37,88874
"2324",1,1,1,2,37,8199
"2325",0,0,2,2,37,117184
"2326",0,1,2,2,37,8300
"2327",1,0,2,2,37,99599
"2328",1,1,2,2,37,8460
"2329",0,0,3,2,37,79046
"2330",0,1,3,2,37,4331
"2331",1,0,3,2,37,112257
"2332",1,1,3,2,37,5394
"2333",0,0,4,2,37,35507
"2334",0,1,4,2,37,1120
"2335",1,0,4,2,37,66352
"2336",1,1,4,2,37,2268
"2337",0,0,1,3,37,92896
"2338",0,1,1,3,37,9036
"2339",1,0,1,3,37,104748
"2340",1,1,1,3,37,10000
"2341",0,0,2,3,37,131459
"2342",0,1,2,3,37,8497
"2343",1,0,2,3,37,100717
"2344",1,1,2,3,37,9780
"2345",0,0,3,3,37,68254
"2346",0,1,3,3,37,3441
"2347",1,0,3,3,37,72429
"2348",1,1,3,3,37,3371
"2349",0,0,4,3,37,24732
"2350",0,1,4,3,37,705
"2351",1,0,4,3,37,36942
"2352",1,1,4,3,37,861
"2353",0,0,1,4,37,28959
"2354",0,1,1,4,37,1620
"2355",1,0,1,4,37,36169
"2356",1,1,1,4,37,1775
"2357",0,0,2,4,37,101780
"2358",0,1,2,4,37,3778
"2359",1,0,2,4,37,65963
"2360",1,1,2,4,37,3929
"2361",0,0,3,4,37,61197
"2362",0,1,3,4,37,1560
"2363",1,0,3,4,37,37138
"2364",1,1,3,4,37,1802
"2365",0,0,4,4,37,21461
"2366",0,1,4,4,37,451
"2367",1,0,4,4,37,21531
"2368",1,1,4,4,37,954
"2369",0,0,1,1,38,53274
"2370",0,1,1,1,38,1498
"2371",1,0,1,1,38,41348
"2372",1,1,1,1,38,925
"2373",0,0,2,1,38,48724
"2374",0,1,2,1,38,853
"2375",1,0,2,1,38,33816
"2376",1,1,2,1,38,709
"2377",0,0,3,1,38,46563
"2378",0,1,3,1,38,921
"2379",1,0,3,1,38,48056
"2380",1,1,3,1,38,867
"2381",0,0,4,1,38,60957
"2382",0,1,4,1,38,760
"2383",1,0,4,1,38,76010
"2384",1,1,4,1,38,1086
"2385",0,0,1,2,38,70775
"2386",0,1,1,2,38,1480
"2387",1,0,1,2,38,66632
"2388",1,1,1,2,38,1313
"2389",0,0,2,2,38,106187
"2390",0,1,2,2,38,1549
"2391",1,0,2,2,38,94639
"2392",1,1,2,2,38,1191
"2393",0,0,3,2,38,70982
"2394",0,1,3,2,38,857
"2395",1,0,3,2,38,95846
"2396",1,1,3,2,38,838
"2397",0,0,4,2,38,46020
"2398",0,1,4,2,38,194
"2399",1,0,4,2,38,75795
"2400",1,1,4,2,38,310
"2401",0,0,1,3,38,84598
"2402",0,1,1,3,38,1981
"2403",1,0,1,3,38,93990
"2404",1,1,1,3,38,1690
"2405",0,0,2,3,38,160169
"2406",0,1,2,3,38,2316
"2407",1,0,2,3,38,142057
"2408",1,1,2,3,38,2029
"2409",0,0,3,3,38,74273
"2410",0,1,3,3,38,956
"2411",1,0,3,3,38,81104
"2412",1,1,3,3,38,844
"2413",0,0,4,3,38,31521
"2414",0,1,4,3,38,197
"2415",1,0,4,3,38,49213
"2416",1,1,4,3,38,301
"2417",0,0,1,4,38,26674
"2418",0,1,1,4,38,285
"2419",1,0,1,4,38,27638
"2420",1,1,1,4,38,330
"2421",0,0,2,4,38,112916
"2422",0,1,2,4,38,1242
"2423",1,0,2,4,38,85120
"2424",1,1,2,4,38,824
"2425",0,0,3,4,38,65854
"2426",0,1,3,4,38,532
"2427",1,0,3,4,38,43615
"2428",1,1,3,4,38,416
"2429",0,0,4,4,38,25089
"2430",0,1,4,4,38,143
"2431",1,0,4,4,38,23429
"2432",1,1,4,4,38,106
"2433",0,0,1,1,39,154065
"2434",0,1,1,1,39,35011
"2435",1,0,1,1,39,120233
"2436",1,1,1,1,39,27417
"2437",0,0,2,1,39,169231
"2438",0,1,2,1,39,27421
"2439",1,0,2,1,39,123236
"2440",1,1,2,1,39,28023
"2441",0,0,3,1,39,270803
"2442",0,1,3,1,39,37888
"2443",1,0,3,1,39,282235
"2444",1,1,3,1,39,41417
"2445",0,0,4,1,39,333944
"2446",0,1,4,1,39,28986
"2447",1,0,4,1,39,526719
"2448",1,1,4,1,39,48259
"2449",0,0,1,2,39,372394
"2450",0,1,1,2,39,40618
"2451",1,0,1,2,39,361934
"2452",1,1,1,2,39,40929
"2453",0,0,2,2,39,587719
"2454",0,1,2,2,39,41801
"2455",1,0,2,2,39,528739
"2456",1,1,2,2,39,49886
"2457",0,0,3,2,39,391862
"2458",0,1,3,2,39,26324
"2459",1,0,3,2,39,551350
"2460",1,1,3,2,39,39635
"2461",0,0,4,2,39,188479
"2462",0,1,4,2,39,8303
"2463",1,0,4,2,39,352496
"2464",1,1,4,2,39,15657
"2465",0,0,1,3,39,281341
"2466",0,1,1,3,39,24144
"2467",1,0,1,3,39,318618
"2468",1,1,1,3,39,33803
"2469",0,0,2,3,39,360115
"2470",0,1,2,3,39,28286
"2471",1,0,2,3,39,307499
"2472",1,1,2,3,39,37715
"2473",0,0,3,3,39,166523
"2474",0,1,3,3,39,11821
"2475",1,0,3,3,39,170203
"2476",1,1,3,3,39,17096
"2477",0,0,4,3,39,75106
"2478",0,1,4,3,39,3344
"2479",1,0,4,3,39,93118
"2480",1,1,4,3,39,4743
"2481",0,0,1,4,39,145470
"2482",0,1,1,4,39,6187
"2483",1,0,1,4,39,156981
"2484",1,1,1,4,39,9628
"2485",0,0,2,4,39,418459
"2486",0,1,2,4,39,14381
"2487",1,0,2,4,39,297597
"2488",1,1,2,4,39,17763
"2489",0,0,3,4,39,219237
"2490",0,1,3,4,39,7480
"2491",1,0,3,4,39,142769
"2492",1,1,3,4,39,9198
"2493",0,0,4,4,39,77871
"2494",0,1,4,4,39,1792
"2495",1,0,4,4,39,67996
"2496",1,1,4,4,39,2898
"2497",0,0,1,1,40,18800
"2498",0,1,1,1,40,1500
"2499",1,0,1,1,40,14251
"2500",1,1,1,1,40,1194
"2501",0,0,2,1,40,21256
"2502",0,1,2,1,40,1146
"2503",1,0,2,1,40,15315
"2504",1,1,2,1,40,1033
"2505",0,0,3,1,40,25456
"2506",0,1,3,1,40,1095
"2507",1,0,3,1,40,28622
"2508",1,1,3,1,40,1247
"2509",0,0,4,1,40,29849
"2510",0,1,4,1,40,505
"2511",1,0,4,1,40,49211
"2512",1,1,4,1,40,785
"2513",0,0,1,2,40,30039
"2514",0,1,1,2,40,1419
"2515",1,0,1,2,40,28502
"2516",1,1,1,2,40,1507
"2517",0,0,2,2,40,37839
"2518",0,1,2,2,40,1260
"2519",1,0,2,2,40,34673
"2520",1,1,2,2,40,1522
"2521",0,0,3,2,40,23320
"2522",0,1,3,2,40,695
"2523",1,0,3,2,40,35817
"2524",1,1,3,2,40,904
"2525",0,0,4,2,40,13310
"2526",0,1,4,2,40,249
"2527",1,0,4,2,40,25851
"2528",1,1,4,2,40,379
"2529",0,0,1,3,40,32639
"2530",0,1,1,3,40,1267
"2531",1,0,1,3,40,38729
"2532",1,1,1,3,40,1204
"2533",0,0,2,3,40,37000
"2534",0,1,2,3,40,1200
"2535",1,0,2,3,40,33223
"2536",1,1,2,3,40,1270
"2537",0,0,3,3,40,16110
"2538",0,1,3,3,40,355
"2539",1,0,3,3,40,16940
"2540",1,1,3,3,40,448
"2541",0,0,4,3,40,6334
"2542",0,1,4,3,40,124
"2543",1,0,4,3,40,9572
"2544",1,1,4,3,40,144
"2545",0,0,1,4,40,14780
"2546",0,1,1,4,40,363
"2547",1,0,1,4,40,16452
"2548",1,1,1,4,40,382
"2549",0,0,2,4,40,43211
"2550",0,1,2,4,40,918
"2551",1,0,2,4,40,31557
"2552",1,1,2,4,40,523
"2553",0,0,3,4,40,21614
"2554",0,1,3,4,40,286
"2555",1,0,3,4,40,13977
"2556",1,1,3,4,40,241
"2557",0,0,4,4,40,7586
"2558",0,1,4,4,40,19
"2559",1,0,4,4,40,7001
"2560",1,1,4,4,40,81
"2561",0,0,1,1,41,51323
"2562",0,1,1,1,41,33207
"2563",1,0,1,1,41,44644
"2564",1,1,1,1,41,28002
"2565",0,0,2,1,41,69070
"2566",0,1,2,1,41,36505
"2567",1,0,2,1,41,39645
"2568",1,1,2,1,41,35754
"2569",0,0,3,1,41,71436
"2570",0,1,3,1,41,41205
"2571",1,0,3,1,41,78670
"2572",1,1,3,1,41,49160
"2573",0,0,4,1,41,57486
"2574",0,1,4,1,41,29527
"2575",1,0,4,1,41,87846
"2576",1,1,4,1,41,49634
"2577",0,0,1,2,41,81951
"2578",0,1,1,2,41,41750
"2579",1,0,1,2,41,81252
"2580",1,1,1,2,41,42905
"2581",0,0,2,2,41,108400
"2582",0,1,2,2,41,39842
"2583",1,0,2,2,41,85004
"2584",1,1,2,2,41,47887
"2585",0,0,3,2,41,67524
"2586",0,1,3,2,41,13887
"2587",1,0,3,2,41,92845
"2588",1,1,3,2,41,20560
"2589",0,0,4,2,41,25003
"2590",0,1,4,2,41,1878
"2591",1,0,4,2,41,48635
"2592",1,1,4,2,41,4562
"2593",0,0,1,3,41,82305
"2594",0,1,1,3,41,20666
"2595",1,0,1,3,41,96897
"2596",1,1,1,3,41,34654
"2597",0,0,2,3,41,113144
"2598",0,1,2,3,41,23180
"2599",1,0,2,3,41,77265
"2600",1,1,2,3,41,30032
"2601",0,0,3,3,41,50945
"2602",0,1,3,3,41,7513
"2603",1,0,3,3,41,53355
"2604",1,1,3,3,41,7326
"2605",0,0,4,3,41,16906
"2606",0,1,4,3,41,1218
"2607",1,0,4,3,41,25742
"2608",1,1,4,3,41,1829
"2609",0,0,1,4,41,32933
"2610",0,1,1,4,41,3471
"2611",1,0,1,4,41,41343
"2612",1,1,1,4,41,6968
"2613",0,0,2,4,41,95859
"2614",0,1,2,4,41,8504
"2615",1,0,2,4,41,60071
"2616",1,1,2,4,41,13699
"2617",0,0,3,4,41,51569
"2618",0,1,3,4,41,3617
"2619",1,0,3,4,41,32899
"2620",1,1,3,4,41,6313
"2621",0,0,4,4,41,20854
"2622",0,1,4,4,41,1067
"2623",1,0,4,4,41,20801
"2624",1,1,4,4,41,3141
"2625",0,0,1,1,42,9575
"2626",0,1,1,1,42,49
"2627",1,0,1,1,42,8438
"2628",1,1,1,1,42,27
"2629",0,0,2,1,42,9960
"2630",0,1,2,1,42,65
"2631",1,0,2,1,42,6081
"2632",1,1,2,1,42,35
"2633",0,0,3,1,42,16116
"2634",0,1,3,1,42,53
"2635",1,0,3,1,42,12372
"2636",1,1,3,1,42,9
"2637",0,0,4,1,42,23589
"2638",0,1,4,1,42,41
"2639",1,0,4,1,42,26579
"2640",1,1,4,1,42,17
"2641",0,0,1,2,42,19980
"2642",0,1,1,2,42,199
"2643",1,0,1,2,42,18046
"2644",1,1,1,2,42,57
"2645",0,0,2,2,42,33555
"2646",0,1,2,2,42,79
"2647",1,0,2,2,42,25459
"2648",1,1,2,2,42,76
"2649",0,0,3,2,42,21620
"2650",0,1,3,2,42,18
"2651",1,0,3,2,42,25803
"2652",1,1,3,2,42,5
"2653",0,0,4,2,42,11000
"2654",0,1,4,2,42,5
"2655",1,0,4,2,42,15976
"2656",1,1,4,2,42,2
"2657",0,0,1,3,42,22858
"2658",0,1,1,3,42,305
"2659",1,0,1,3,42,25044
"2660",1,1,1,3,42,155
"2661",0,0,2,3,42,28880
"2662",0,1,2,3,42,160
"2663",1,0,2,3,42,26818
"2664",1,1,2,3,42,70
"2665",0,0,3,3,42,10571
"2666",0,1,3,3,42,76
"2667",1,0,3,3,42,16309
"2668",1,1,3,3,42,7
"2669",0,0,4,3,42,4673
"2670",0,1,4,3,42,0
"2671",1,0,4,3,42,11785
"2672",1,1,4,3,42,6
"2673",0,0,1,4,42,6963
"2674",0,1,1,4,42,50
"2675",1,0,1,4,42,7822
"2676",1,1,1,4,42,38
"2677",0,0,2,4,42,22937
"2678",0,1,2,4,42,160
"2679",1,0,2,4,42,16374
"2680",1,1,2,4,42,43
"2681",0,0,3,4,42,11065
"2682",0,1,3,4,42,44
"2683",1,0,3,4,42,7710
"2684",1,1,3,4,42,29
"2685",0,0,4,4,42,3683
"2686",0,1,4,4,42,4
"2687",1,0,4,4,42,5168
"2688",1,1,4,4,42,2
"2689",0,0,1,1,43,92975
"2690",0,1,1,1,43,23392
"2691",1,0,1,1,43,82531
"2692",1,1,1,1,43,20263
"2693",0,0,2,1,43,120265
"2694",0,1,2,1,43,20827
"2695",1,0,2,1,43,76759
"2696",1,1,2,1,43,22479
"2697",0,0,3,1,43,143545
"2698",0,1,3,1,43,24982
"2699",1,0,3,1,43,155293
"2700",1,1,3,1,43,33236
"2701",0,0,4,1,43,125377
"2702",0,1,4,1,43,23250
"2703",1,0,4,1,43,192751
"2704",1,1,4,1,43,35345
"2705",0,0,1,2,43,132459
"2706",0,1,1,2,43,28707
"2707",1,0,1,2,43,139353
"2708",1,1,1,2,43,28726
"2709",0,0,2,2,43,189643
"2710",0,1,2,2,43,28430
"2711",1,0,2,2,43,159006
"2712",1,1,2,2,43,32534
"2713",0,0,3,2,43,113725
"2714",0,1,3,2,43,11544
"2715",1,0,3,2,43,157177
"2716",1,1,3,2,43,16005
"2717",0,0,4,2,43,40296
"2718",0,1,4,2,43,2431
"2719",1,0,4,2,43,75724
"2720",1,1,4,2,43,5637
"2721",0,0,1,3,43,112976
"2722",0,1,1,3,43,20106
"2723",1,0,1,3,43,140711
"2724",1,1,1,3,43,30995
"2725",0,0,2,3,43,152843
"2726",0,1,2,3,43,22331
"2727",1,0,2,3,43,122466
"2728",1,1,2,3,43,29115
"2729",0,0,3,3,43,75652
"2730",0,1,3,3,43,6594
"2731",1,0,3,3,43,82458
"2732",1,1,3,3,43,8943
"2733",0,0,4,3,43,24739
"2734",0,1,4,3,43,1077
"2735",1,0,4,3,43,38998
"2736",1,1,4,3,43,2026
"2737",0,0,1,4,43,44471
"2738",0,1,1,4,43,3708
"2739",1,0,1,4,43,58220
"2740",1,1,1,4,43,6055
"2741",0,0,2,4,43,143486
"2742",0,1,2,4,43,9038
"2743",1,0,2,4,43,91726
"2744",1,1,2,4,43,13979
"2745",0,0,3,4,43,77261
"2746",0,1,3,4,43,4124
"2747",1,0,3,4,43,47661
"2748",1,1,3,4,43,6120
"2749",0,0,4,4,43,23917
"2750",0,1,4,4,43,1158
"2751",1,0,4,4,43,23326
"2752",1,1,4,4,43,2319
"2753",0,0,1,1,44,416838
"2754",0,1,1,1,44,62205
"2755",1,0,1,1,44,373926
"2756",1,1,1,1,44,51464
"2757",0,0,2,1,44,455266
"2758",0,1,2,1,44,49653
"2759",1,0,2,1,44,316315
"2760",1,1,2,1,44,46441
"2761",0,0,3,1,44,350413
"2762",0,1,3,1,44,58590
"2763",1,0,3,1,44,406423
"2764",1,1,3,1,44,66736
"2765",0,0,4,1,44,300260
"2766",0,1,4,1,44,46770
"2767",1,0,4,1,44,443964
"2768",1,1,4,1,44,69390
"2769",0,0,1,2,44,398845
"2770",0,1,1,2,44,76256
"2771",1,0,1,2,44,427685
"2772",1,1,1,2,44,74525
"2773",0,0,2,2,44,530624
"2774",0,1,2,2,44,71150
"2775",1,0,2,2,44,434444
"2776",1,1,2,2,44,77348
"2777",0,0,3,2,44,288360
"2778",0,1,3,2,44,34502
"2779",1,0,3,2,44,419601
"2780",1,1,3,2,44,44623
"2781",0,0,4,2,44,128663
"2782",0,1,4,2,44,7009
"2783",1,0,4,2,44,247490
"2784",1,1,4,2,44,14776
"2785",0,0,1,3,44,487523
"2786",0,1,1,3,44,63504
"2787",1,0,1,3,44,562996
"2788",1,1,1,3,44,82725
"2789",0,0,2,3,44,691166
"2790",0,1,2,3,44,73533
"2791",1,0,2,3,44,514152
"2792",1,1,2,3,44,84127
"2793",0,0,3,3,44,311713
"2794",0,1,3,3,44,25394
"2795",1,0,3,3,44,332282
"2796",1,1,3,3,44,29858
"2797",0,0,4,3,44,102776
"2798",0,1,4,3,44,3988
"2799",1,0,4,3,44,145332
"2800",1,1,4,3,44,6399
"2801",0,0,1,4,44,193690
"2802",0,1,1,4,44,11015
"2803",1,0,1,4,44,234394
"2804",1,1,1,4,44,16813
"2805",0,0,2,4,44,634339
"2806",0,1,2,4,44,34990
"2807",1,0,2,4,44,394988
"2808",1,1,2,4,44,39589
"2809",0,0,3,4,44,334243
"2810",0,1,3,4,44,13357
"2811",1,0,3,4,44,201782
"2812",1,1,3,4,44,16827
"2813",0,0,4,4,44,97246
"2814",0,1,4,4,44,2714
"2815",1,0,4,4,44,86289
"2816",1,1,4,4,44,5192
"2817",0,0,1,1,45,28594
"2818",0,1,1,1,45,527
"2819",1,0,1,1,45,25178
"2820",1,1,1,1,45,166
"2821",0,0,2,1,45,20343
"2822",0,1,2,1,45,278
"2823",1,0,2,1,45,15407
"2824",1,1,2,1,45,84
"2825",0,0,3,1,45,17729
"2826",0,1,3,1,45,186
"2827",1,0,3,1,45,20455
"2828",1,1,3,1,45,138
"2829",0,0,4,1,45,19796
"2830",0,1,4,1,45,195
"2831",1,0,4,1,45,25984
"2832",1,1,4,1,45,228
"2833",0,0,1,2,45,41705
"2834",0,1,1,2,45,451
"2835",1,0,1,2,45,42334
"2836",1,1,1,2,45,235
"2837",0,0,2,2,45,48377
"2838",0,1,2,2,45,309
"2839",1,0,2,2,45,49380
"2840",1,1,2,2,45,176
"2841",0,0,3,2,45,27777
"2842",0,1,3,2,45,199
"2843",1,0,3,2,45,44706
"2844",1,1,3,2,45,169
"2845",0,0,4,2,45,16909
"2846",0,1,4,2,45,63
"2847",1,0,4,2,45,31206
"2848",1,1,4,2,45,63
"2849",0,0,1,3,45,76772
"2850",0,1,1,3,45,767
"2851",1,0,1,3,45,83147
"2852",1,1,1,3,45,463
"2853",0,0,2,3,45,86758
"2854",0,1,2,3,45,765
"2855",1,0,2,3,45,75646
"2856",1,1,2,3,45,509
"2857",0,0,3,3,45,37830
"2858",0,1,3,3,45,147
"2859",1,0,3,3,45,40641
"2860",1,1,3,3,45,143
"2861",0,0,4,3,45,15024
"2862",0,1,4,3,45,52
"2863",1,0,4,3,45,19660
"2864",1,1,4,3,45,43
"2865",0,0,1,4,45,17543
"2866",0,1,1,4,45,137
"2867",1,0,1,4,45,17228
"2868",1,1,1,4,45,68
"2869",0,0,2,4,45,66856
"2870",0,1,2,4,45,318
"2871",1,0,2,4,45,39215
"2872",1,1,2,4,45,150
"2873",0,0,3,4,45,36710
"2874",0,1,3,4,45,128
"2875",1,0,3,4,45,20016
"2876",1,1,3,4,45,87
"2877",0,0,4,4,45,11952
"2878",0,1,4,4,45,13
"2879",1,0,4,4,45,8488
"2880",1,1,4,4,45,16
"2881",0,0,1,1,46,8789
"2882",0,1,1,1,46,47
"2883",1,0,1,1,46,6940
"2884",1,1,1,1,46,26
"2885",0,0,2,1,46,9485
"2886",0,1,2,1,46,44
"2887",1,0,2,1,46,5693
"2888",1,1,2,1,46,11
"2889",0,0,3,1,46,12892
"2890",0,1,3,1,46,26
"2891",1,0,3,1,46,10891
"2892",1,1,3,1,46,3
"2893",0,0,4,1,46,11363
"2894",0,1,4,1,46,14
"2895",1,0,4,1,46,14741
"2896",1,1,4,1,46,2
"2897",0,0,1,2,46,20194
"2898",0,1,1,2,46,101
"2899",1,0,1,2,46,18962
"2900",1,1,1,2,46,45
"2901",0,0,2,2,46,31499
"2902",0,1,2,2,46,49
"2903",1,0,2,2,46,24246
"2904",1,1,2,2,46,58
"2905",0,0,3,2,46,16124
"2906",0,1,3,2,46,0
"2907",1,0,3,2,46,19737
"2908",1,1,3,2,46,19
"2909",0,0,4,2,46,6986
"2910",0,1,4,2,46,17
"2911",1,0,4,2,46,12650
"2912",1,1,4,2,46,23
"2913",0,0,1,3,46,17805
"2914",0,1,1,3,46,136
"2915",1,0,1,3,46,19552
"2916",1,1,1,3,46,175
"2917",0,0,2,3,46,20423
"2918",0,1,2,3,46,116
"2919",1,0,2,3,46,19966
"2920",1,1,2,3,46,63
"2921",0,0,3,3,46,8138
"2922",0,1,3,3,46,26
"2923",1,0,3,3,46,10739
"2924",1,1,3,3,46,12
"2925",0,0,4,3,46,3452
"2926",0,1,4,3,46,10
"2927",1,0,4,3,46,6987
"2928",1,1,4,3,46,0
"2929",0,0,1,4,46,6275
"2930",0,1,1,4,46,56
"2931",1,0,1,4,46,8178
"2932",1,1,1,4,46,31
"2933",0,0,2,4,46,25090
"2934",0,1,2,4,46,97
"2935",1,0,2,4,46,21787
"2936",1,1,2,4,46,82
"2937",0,0,3,4,46,13033
"2938",0,1,3,4,46,23
"2939",1,0,3,4,46,10719
"2940",1,1,3,4,46,10
"2941",0,0,4,4,46,4660
"2942",0,1,4,4,46,6
"2943",1,0,4,4,46,5258
"2944",1,1,4,4,46,0
"2945",0,0,1,1,47,96291
"2946",0,1,1,1,47,36615
"2947",1,0,1,1,47,74322
"2948",1,1,1,1,47,28026
"2949",0,0,2,1,47,115501
"2950",0,1,2,1,47,37188
"2951",1,0,2,1,47,66019
"2952",1,1,2,1,47,33323
"2953",0,0,3,1,47,122264
"2954",0,1,3,1,47,44027
"2955",1,0,3,1,47,124762
"2956",1,1,3,1,47,48541
"2957",0,0,4,1,47,101266
"2958",0,1,4,1,47,33090
"2959",1,0,4,1,47,149990
"2960",1,1,4,1,47,48671
"2961",0,0,1,2,47,171669
"2962",0,1,1,2,47,51192
"2963",1,0,1,2,47,159519
"2964",1,1,1,2,47,44354
"2965",0,0,2,2,47,199135
"2966",0,1,2,2,47,42696
"2967",1,0,2,2,47,158178
"2968",1,1,2,2,47,46012
"2969",0,0,3,2,47,112358
"2970",0,1,3,2,47,18818
"2971",1,0,3,2,47,164484
"2972",1,1,3,2,47,26015
"2973",0,0,4,2,47,42291
"2974",0,1,4,2,47,4661
"2975",1,0,4,2,47,94857
"2976",1,1,4,2,47,8789
"2977",0,0,1,3,47,169055
"2978",0,1,1,3,47,31612
"2979",1,0,1,3,47,197165
"2980",1,1,1,3,47,45378
"2981",0,0,2,3,47,220859
"2982",0,1,2,3,47,34970
"2983",1,0,2,3,47,179201
"2984",1,1,2,3,47,44298
"2985",0,0,3,3,47,95144
"2986",0,1,3,3,47,12294
"2987",1,0,3,3,47,120588
"2988",1,1,3,3,47,14546
"2989",0,0,4,3,47,32717
"2990",0,1,4,3,47,2362
"2991",1,0,4,3,47,55953
"2992",1,1,4,3,47,3762
"2993",0,0,1,4,47,95703
"2994",0,1,1,4,47,7124
"2995",1,0,1,4,47,119896
"2996",1,1,1,4,47,11100
"2997",0,0,2,4,47,273996
"2998",0,1,2,4,47,16432
"2999",1,0,2,4,47,186585
"3000",1,1,2,4,47,23202
"3001",0,0,3,4,47,157416
"3002",0,1,3,4,47,8132
"3003",1,0,3,4,47,93162
"3004",1,1,3,4,47,9643
"3005",0,0,4,4,47,43572
"3006",0,1,4,4,47,1754
"3007",1,0,4,4,47,35284
"3008",1,1,4,4,47,3585
"3009",0,0,1,1,48,86033
"3010",0,1,1,1,48,3576
"3011",1,0,1,1,48,68486
"3012",1,1,1,1,48,2494
"3013",0,0,2,1,48,70297
"3014",0,1,2,1,48,1930
"3015",1,0,2,1,48,52623
"3016",1,1,2,1,48,1696
"3017",0,0,3,1,48,66861
"3018",0,1,3,1,48,2125
"3019",1,0,3,1,48,75590
"3020",1,1,3,1,48,2225
"3021",0,0,4,1,48,82385
"3022",0,1,4,1,48,2214
"3023",1,0,4,1,48,106761
"3024",1,1,4,1,48,2499
"3025",0,0,1,2,48,134125
"3026",0,1,1,2,48,7704
"3027",1,0,1,2,48,120364
"3028",1,1,1,2,48,4823
"3029",0,0,2,2,48,180177
"3030",0,1,2,2,48,5387
"3031",1,0,2,2,48,156813
"3032",1,1,2,2,48,4284
"3033",0,0,3,2,48,112345
"3034",0,1,3,2,48,2737
"3035",1,0,3,2,48,144878
"3036",1,1,3,2,48,2197
"3037",0,0,4,2,48,67183
"3038",0,1,4,2,48,547
"3039",1,0,4,2,48,112774
"3040",1,1,4,2,48,1008
"3041",0,0,1,3,48,158561
"3042",0,1,1,3,48,6518
"3043",1,0,1,3,48,173443
"3044",1,1,1,3,48,6208
"3045",0,0,2,3,48,275413
"3046",0,1,2,3,48,8930
"3047",1,0,2,3,48,243789
"3048",1,1,2,3,48,7697
"3049",0,0,3,3,48,126325
"3050",0,1,3,3,48,3851
"3051",1,0,3,3,48,139357
"3052",1,1,3,3,48,3007
"3053",0,0,4,3,48,47762
"3054",0,1,4,3,48,703
"3055",1,0,4,3,48,73783
"3056",1,1,4,3,48,736
"3057",0,0,1,4,48,59121
"3058",0,1,1,4,48,1220
"3059",1,0,1,4,48,60032
"3060",1,1,1,4,48,1197
"3061",0,0,2,4,48,219011
"3062",0,1,2,4,48,3629
"3063",1,0,2,4,48,156070
"3064",1,1,2,4,48,2900
"3065",0,0,3,4,48,123660
"3066",0,1,3,4,48,2017
"3067",1,0,3,4,48,76580
"3068",1,1,3,4,48,1208
"3069",0,0,4,4,48,40890
"3070",0,1,4,4,48,261
"3071",1,0,4,4,48,35753
"3072",1,1,4,4,48,314
"3073",0,0,1,1,49,36134
"3074",0,1,1,1,49,1178
"3075",1,0,1,1,49,33141
"3076",1,1,1,1,49,1111
"3077",0,0,2,1,49,49021
"3078",0,1,2,1,49,1052
"3079",1,0,2,1,49,33054
"3080",1,1,2,1,49,943
"3081",0,0,3,1,49,65205
"3082",0,1,3,1,49,1483
"3083",1,0,3,1,49,66737
"3084",1,1,3,1,49,1877
"3085",0,0,4,1,49,62311
"3086",0,1,4,1,49,2135
"3087",1,0,4,1,49,92280
"3088",1,1,4,1,49,3567
"3089",0,0,1,2,49,56852
"3090",0,1,1,2,49,1865
"3091",1,0,1,2,49,62867
"3092",1,1,1,2,49,1804
"3093",0,0,2,2,49,97953
"3094",0,1,2,2,49,2156
"3095",1,0,2,2,49,82078
"3096",1,1,2,2,49,2457
"3097",0,0,3,2,49,60046
"3098",0,1,3,2,49,1283
"3099",1,0,3,2,49,77489
"3100",1,1,3,2,49,1959
"3101",0,0,4,2,49,22586
"3102",0,1,4,2,49,671
"3103",1,0,4,2,49,38220
"3104",1,1,4,2,49,1027
"3105",0,0,1,3,49,37445
"3106",0,1,1,3,49,1591
"3107",1,0,1,3,49,50984
"3108",1,1,1,3,49,1733
"3109",0,0,2,3,49,50672
"3110",0,1,2,3,49,1599
"3111",1,0,2,3,49,43468
"3112",1,1,2,3,49,1906
"3113",0,0,3,3,49,24688
"3114",0,1,3,3,49,611
"3115",1,0,3,3,49,27254
"3116",1,1,3,3,49,977
"3117",0,0,4,3,49,10150
"3118",0,1,4,3,49,257
"3119",1,0,4,3,49,15013
"3120",1,1,4,3,49,375
"3121",0,0,1,4,49,11977
"3122",0,1,1,4,49,280
"3123",1,0,1,4,49,15050
"3124",1,1,1,4,49,341
"3125",0,0,2,4,49,40679
"3126",0,1,2,4,49,841
"3127",1,0,2,4,49,30178
"3128",1,1,2,4,49,745
"3129",0,0,3,4,49,22361
"3130",0,1,3,4,49,407
"3131",1,0,3,4,49,16206
"3132",1,1,3,4,49,427
"3133",0,0,4,4,49,8842
"3134",0,1,4,4,49,274
"3135",1,0,4,4,49,10593
"3136",1,1,4,4,49,503
"3137",0,0,1,1,50,66320
"3138",0,1,1,1,50,9055
"3139",1,0,1,1,50,50614
"3140",1,1,1,1,50,9867
"3141",0,0,2,1,50,64439
"3142",0,1,2,1,50,6845
"3143",1,0,2,1,50,40203
"3144",1,1,2,1,50,8594
"3145",0,0,3,1,50,95480
"3146",0,1,3,1,50,6753
"3147",1,0,3,1,50,83059
"3148",1,1,3,1,50,7799
"3149",0,0,4,1,50,131198
"3150",0,1,4,1,50,3076
"3151",1,0,4,1,50,178033
"3152",1,1,4,1,50,4588
"3153",0,0,1,2,50,152400
"3154",0,1,1,2,50,7275
"3155",1,0,1,2,50,144134
"3156",1,1,1,2,50,8390
"3157",0,0,2,2,50,247354
"3158",0,1,2,2,50,7779
"3159",1,0,2,2,50,212552
"3160",1,1,2,2,50,8500
"3161",0,0,3,2,50,161578
"3162",0,1,3,2,50,3316
"3163",1,0,3,2,50,209106
"3164",1,1,3,2,50,4494
"3165",0,0,4,2,50,69599
"3166",0,1,4,2,50,576
"3167",1,0,4,2,50,121986
"3168",1,1,4,2,50,972
"3169",0,0,1,3,50,156906
"3170",0,1,1,3,50,5964
"3171",1,0,1,3,50,172548
"3172",1,1,1,3,50,8323
"3173",0,0,2,3,50,203872
"3174",0,1,2,3,50,7301
"3175",1,0,2,3,50,170168
"3176",1,1,2,3,50,9746
"3177",0,0,3,3,50,81021
"3178",0,1,3,3,50,2341
"3179",1,0,3,3,50,85843
"3180",1,1,3,3,50,2942
"3181",0,0,4,3,50,32586
"3182",0,1,4,3,50,379
"3183",1,0,4,3,50,50610
"3184",1,1,4,3,50,497
"3185",0,0,1,4,50,52979
"3186",0,1,1,4,50,836
"3187",1,0,1,4,50,59583
"3188",1,1,1,4,50,1166
"3189",0,0,2,4,50,163228
"3190",0,1,2,4,50,2634
"3191",1,0,2,4,50,122120
"3192",1,1,2,4,50,2951
"3193",0,0,3,4,50,84371
"3194",0,1,3,4,50,1003
"3195",1,0,3,4,50,60971
"3196",1,1,3,4,50,1309
"3197",0,0,4,4,50,26882
"3198",0,1,4,4,50,129
"3199",1,0,4,4,50,29649
"3200",1,1,4,4,50,185
"3201",0,0,1,1,51,6259
"3202",0,1,1,1,51,84
"3203",1,0,1,1,51,6149
"3204",1,1,1,1,51,36
"3205",0,0,2,1,51,6175
"3206",0,1,2,1,51,39
"3207",1,0,2,1,51,4734
"3208",1,1,2,1,51,35
"3209",0,0,3,1,51,7662
"3210",0,1,3,1,51,51
"3211",1,0,3,1,51,7501
"3212",1,1,3,1,51,63
"3213",0,0,4,1,51,8306
"3214",0,1,4,1,51,40
"3215",1,0,4,1,51,9479
"3216",1,1,4,1,51,46
"3217",0,0,1,2,51,12560
"3218",0,1,1,2,51,194
"3219",1,0,1,2,51,11987
"3220",1,1,1,2,51,102
"3221",0,0,2,2,51,22978
"3222",0,1,2,2,51,156
"3223",1,0,2,2,51,17221
"3224",1,1,2,2,51,117
"3225",0,0,3,2,51,13635
"3226",0,1,3,2,51,50
"3227",1,0,3,2,51,15221
"3228",1,1,3,2,51,52
"3229",0,0,4,2,51,6331
"3230",0,1,4,2,51,0
"3231",1,0,4,2,51,8885
"3232",1,1,4,2,51,23
"3233",0,0,1,3,51,14242
"3234",0,1,1,3,51,211
"3235",1,0,1,3,51,14891
"3236",1,1,1,3,51,163
"3237",0,0,2,3,51,24975
"3238",0,1,2,3,51,268
"3239",1,0,2,3,51,22440
"3240",1,1,2,3,51,183
"3241",0,0,3,3,51,10259
"3242",0,1,3,3,51,53
"3243",1,0,3,3,51,11530
"3244",1,1,3,3,51,27
"3245",0,0,4,3,51,2923
"3246",0,1,4,3,51,6
"3247",1,0,4,3,51,5921
"3248",1,1,4,3,51,24
"3249",0,0,1,4,51,3866
"3250",0,1,1,4,51,39
"3251",1,0,1,4,51,3824
"3252",1,1,1,4,51,20
"3253",0,0,2,4,51,17218
"3254",0,1,2,4,51,37
"3255",1,0,2,4,51,12001
"3256",1,1,2,4,51,10
"3257",0,0,3,4,51,9086
"3258",0,1,3,4,51,29
"3259",1,0,3,4,51,5839
"3260",1,1,3,4,51,22
"3261",0,0,4,4,51,2441
"3262",0,1,4,4,51,5
"3263",1,0,4,4,51,2610
"3264",1,1,4,4,51,5
